timestamp,open,high,low,close,volume,close_time,quote_volume,trades,taker_buy_base,taker_buy_quote,ignore
2023-01-01,9.97,10.09,9.69,9.99,2287512.63,2023-01-01 23:59:59.999,22677368.60600000,66752,1113303.41000000,11045804.67100000,0
2023-01-02,9.99,12.0,9.81,11.28,7628264.93,2023-01-02 23:59:59.999,84247394.80210000,195532,3946584.62000000,43628767.63450000,0
2023-01-03,11.28,13.91,11.0,13.37,14986491.36,2023-01-03 23:59:59.999,187865593.43300000,417570,7845422.93000000,98407837.75240000,0
2023-01-04,13.37,14.24,12.83,13.43,12612735.49,2023-01-04 23:59:59.999,171471280.10820000,393884,6422026.25000000,87404237.39310000,0
2023-01-05,13.43,13.89,12.95,13.43,5834353.76,2023-01-05 23:59:59.999,77737743.10280000,203316,2824402.40000000,37636727.63650000,0
2023-01-06,13.43,13.6,12.69,13.5,5404648.48,2023-01-06 23:59:59.999,71212454.90790000,184610,2589999.00000000,34148253.16140000,0
2023-01-07,13.51,13.51,13.01,13.1,1904950.91,2023-01-07 23:59:59.999,25243947.50920000,79010,850554.16000000,11273537.39430000,0
2023-01-08,13.1,14.89,12.85,14.45,6295596.12,2023-01-08 23:59:59.999,86019750.94830000,207707,3392043.30000000,46407249.69190000,0
2023-01-09,14.46,17.5,14.28,16.25,19481959.57,2023-01-09 23:59:59.999,316363880.19860000,619929,9738111.46000000,158153052.64010000,0
2023-01-10,16.25,16.73,15.57,16.2,8489417.77,2023-01-10 23:59:59.999,137351433.71810000,288818,4165016.09000000,67453841.13460000,0
2023-01-11,16.2,16.67,15.28,16.36,6661616.67,2023-01-11 23:59:59.999,106146574.41960000,240292,3226708.09000000,51464826.66620000,0
2023-01-12,16.37,17.0,15.54,16.59,9608670.96,2023-01-12 23:59:59.999,156910911.01030000,343488,4867327.92000000,79569633.71810000,0
2023-01-13,16.59,18.65,16.29,18.29,10929884.4,2023-01-13 23:59:59.999,188439640.54550000,379935,5748210.56000000,99321551.34970000,0
2023-01-14,18.29,24.75,18.2,24.24,25997232.06,2023-01-14 23:59:59.999,582130895.50720000,1125883,13012755.48000000,291116670.46330000,0
2023-01-15,24.23,25.0,21.98,22.89,11258028.55,2023-01-15 23:59:59.999,260922697.17610000,542914,5507546.84000000,127727954.71210000,0
2023-01-16,22.9,25.0,22.3,23.58,10043368.28,2023-01-16 23:59:59.999,236275598.16710000,504119,4968637.94000000,117066747.35900000,0
2023-01-17,23.58,23.95,22.7,22.86,6056942.68,2023-01-17 23:59:59.999,141744206.66620000,307729,2807068.90000000,65753485.06910000,0
2023-01-18,22.86,23.65,20.34,20.79,11341710.32,2023-01-18 23:59:59.999,249548184.95900000,497529,5528107.68000000,121801563.91910000,0
2023-01-19,20.78,21.88,20.41,21.4,6113345.07,2023-01-19 23:59:59.999,129469309.52970000,224567,3030655.48000000,64194810.11640000,0
2023-01-20,21.4,25.82,20.93,25.51,9652433.39,2023-01-20 23:59:59.999,224450465.31100000,399397,5017459.49000000,116905410.93850000,0
2023-01-21,25.51,26.6,24.24,24.57,12782858.69,2023-01-21 23:59:59.999,323053489.44840000,450566,6292162.72000000,159079633.85840000,0
2023-01-22,24.56,25.45,23.5,24.21,6496779.26,2023-01-22 23:59:59.999,161129672.50730000,228853,3153858.17000000,78247404.35600000,0
2023-01-23,24.21,24.93,23.7,24.33,6100483.98,2023-01-23 23:59:59.999,148819700.01860000,203735,2978774.93000000,72673918.76910000,0
2023-01-24,24.32,25.24,22.25,22.78,6121565.88,2023-01-24 23:59:59.999,147893897.20010000,226102,2937227.59000000,71056382.86930000,0
2023-01-25,22.77,25.43,22.24,24.52,8332368.29,2023-01-25 23:59:59.999,197305373.37860000,312469,4154322.72000000,98432912.35570000,0
2023-01-26,24.53,25.23,23.73,24.33,5450404.1,2023-01-26 23:59:59.999,133760026.41290000,208276,2686508.86000000,65974576.60580000,0
2023-01-27,24.33,24.96,23.27,24.43,4729055.76,2023-01-27 23:59:59.999,113487754.42390000,174475,2271744.92000000,54550839.39740000,0
2023-01-28,24.43,25.24,23.7,24.0,3377884.1,2023-01-28 23:59:59.999,82088985.92070000,127028,1630016.65000000,39658963.58130000,0
2023-01-29,24.0,26.8,23.73,26.07,7785906.2,2023-01-29 23:59:59.999,198403773.48590000,293221,4089448.05000000,104220552.32610000,0
2023-01-30,26.07,26.31,23.11,23.96,7532450.12,2023-01-30 23:59:59.999,184489313.70330000,286378,3501641.99000000,85781007.91020000,0
2023-01-31,23.97,24.47,23.49,23.92,4062387.09,2023-01-31 23:59:59.999,97470696.94350000,143900,1990897.19000000,47777648.05090000,0
2023-02-01,23.93,25.22,22.48,25.0,7304888.31,2023-02-01 23:59:59.999,173855967.48620000,263058,3627268.77000000,86434778.78250000,0
2023-02-02,25.0,26.15,24.05,24.32,7246590.58,2023-02-02 23:59:59.999,182296022.60840000,247302,3668016.16000000,92327564.19180000,0
2023-02-03,24.32,25.07,24.01,24.69,4759274.31,2023-02-03 23:59:59.999,116686417.10350000,154714,2344279.19000000,57503447.92710000,0
2023-02-04,24.69,24.95,24.17,24.34,2034159.41,2023-02-04 23:59:59.999,50018630.84640000,79307,944257.69000000,23228410.14600000,0
2023-02-05,24.34,24.46,23.02,23.47,4822304.59,2023-02-05 23:59:59.999,114325096.52030000,140043,2254864.09000000,53474578.02770000,0
2023-02-06,23.46,23.72,22.45,22.66,3592829.38,2023-02-06 23:59:59.999,83162189.89510000,114330,1706746.01000000,39530803.96810000,0
2023-02-07,22.65,23.96,22.54,23.82,4900023.85,2023-02-07 23:59:59.999,113919835.63980000,146267,2427523.34000000,56458526.08200000,0
2023-02-08,23.82,24.24,22.8,23.22,3970029.14,2023-02-08 23:59:59.999,93320916.90790000,122379,1909215.31000000,44895534.17440000,0
2023-02-09,23.21,23.35,20.0,20.48,6398790.64,2023-02-09 23:59:59.999,140853126.40380000,196997,2979063.75000000,65594281.87820000,0
2023-02-10,20.48,21.2,19.68,20.11,5523024.53,2023-02-10 23:59:59.999,114043614.24830000,144868,2552210.89000000,52704917.30960000,0
2023-02-11,20.1,20.92,20.1,20.81,1859852.98,2023-02-11 23:59:59.999,37966292.15760000,58024,924723.81000000,18884883.82420000,0
2023-02-12,20.81,22.59,20.62,21.49,4625241.81,2023-02-12 23:59:59.999,99659665.35000000,137528,2297467.03000000,49424135.37640000,0
2023-02-13,21.49,21.61,19.73,20.77,6685330.04,2023-02-13 23:59:59.999,137841810.97370000,177677,3122351.67000000,64387125.10370000,0
2023-02-14,20.77,22.37,20.66,21.84,7639521.83,2023-02-14 23:59:59.999,164389151.80820000,208822,3808975.52000000,81996306.25450000,0
2023-02-15,21.84,23.99,21.45,23.86,5587903.97,2023-02-15 23:59:59.999,126682730.28300000,175989,2915228.16000000,66118850.15120000,0
2023-02-16,23.86,24.2,22.2,22.24,6832612.63,2023-02-16 23:59:59.999,160295399.28410000,212460,3289651.43000000,77263924.32990000,0
2023-02-17,22.24,23.54,21.99,23.14,4539817.75,2023-02-17 23:59:59.999,103726111.00980000,134439,2273570.94000000,51995861.98260000,0
2023-02-18,23.14,23.94,22.92,23.45,2647511.0,2023-02-18 23:59:59.999,61949018.69790000,96781,1309177.51000000,30645861.64010000,0
2023-02-19,23.46,25.64,23.2,24.84,8316165.25,2023-02-19 23:59:59.999,203680508.21800000,292475,4229520.51000000,103618956.95390000,0
2023-02-20,24.83,27.12,24.11,26.26,10266239.07,2023-02-20 23:59:59.999,267714765.35830000,386554,5223047.92000000,136260570.37150000,0
2023-02-21,26.26,26.61,24.5,24.98,6724448.02,2023-02-21 23:59:59.999,170844057.66070000,231848,3163275.48000000,80397361.19320000,0
2023-02-22,24.98,25.24,23.21,24.16,7174305.66,2023-02-22 23:59:59.999,171234545.19790000,232326,3464415.22000000,82693689.00940000,0
2023-02-23,24.16,24.69,23.6,23.91,4390966.09,2023-02-23 23:59:59.999,105959747.49240000,161088,2173875.28000000,52477429.48830000,0
2023-02-24,23.91,24.13,22.46,23.07,4868888.31,2023-02-24 23:59:59.999,113551145.86400000,172515,2211171.03000000,51576078.32760000,0
2023-02-25,23.07,23.33,21.41,22.37,4541250.05,2023-02-25 23:59:59.999,101747626.23340000,144363,2119271.71000000,47475903.48310000,0
2023-02-26,22.37,23.53,22.21,23.25,2817875.05,2023-02-26 23:59:59.999,64558477.89480000,99292,1411668.12000000,32359756.15200000,0
2023-02-27,23.25,23.41,22.32,22.68,3670697.58,2023-02-27 23:59:59.999,83962050.31120000,121972,1765515.28000000,40397636.69590000,0
2023-02-28,22.68,22.75,21.75,21.89,2291715.21,2023-02-28 23:59:59.999,51071590.71250000,96075,1078436.70000000,24036365.74560000,0
2023-03-01,21.88,22.91,21.65,22.51,2445602.61,2023-03-01 23:59:59.999,54847196.63860000,102268,1262933.49000000,28337601.60690000,0
2023-03-02,22.5,22.65,21.67,22.0,2231193.36,2023-03-02 23:59:59.999,49073754.34410000,91461,1027958.86000000,22616933.77810000,0
2023-03-03,22.0,22.02,20.34,21.42,3635280.89,2023-03-03 23:59:59.999,76486305.93610000,140659,1702513.61000000,35805295.98110000,0
2023-03-04,21.42,21.62,20.2,20.98,1754082.61,2023-03-04 23:59:59.999,36745274.15780000,76327,823706.68000000,17256620.13300000,0
2023-03-05,20.98,21.72,20.84,20.97,1733301.96,2023-03-05 23:59:59.999,36815880.48250000,87774,870612.92000000,18496322.94120000,0
2023-03-06,20.98,21.19,20.47,20.63,2216419.88,2023-03-06 23:59:59.999,46081041.91690000,81761,1114504.33000000,23172386.21040000,0
2023-03-07,20.62,20.95,19.71,20.25,3104831.99,2023-03-07 23:59:59.999,63162152.58230000,121953,1506688.03000000,30688319.07660000,0
2023-03-08,20.25,20.39,18.1,18.41,5826803.53,2023-03-08 23:59:59.999,111198944.93380000,170148,2695702.44000000,51419294.82550000,0
2023-03-09,18.41,18.78,16.69,17.33,7832548.96,2023-03-09 23:59:59.999,139985823.04740000,200872,3872023.60000000,69270280.27630000,0
2023-03-10,17.34,18.36,16.0,18.17,9520202.65,2023-03-10 23:59:59.999,163280019.62690000,260217,4758270.19000000,81665329.86030000,0
2023-03-11,18.17,18.89,16.94,18.07,6593106.41,2023-03-11 23:59:59.999,117330612.97820000,228203,3288209.65000000,58527626.34830000,0
2023-03-12,18.07,20.53,17.71,20.2,6555846.63,2023-03-12 23:59:59.999,123325702.20250000,244816,3349991.36000000,63059184.14210000,0
2023-03-13,20.19,21.47,18.87,20.4,10652102.31,2023-03-13 23:59:59.999,213837675.78170000,364952,5355297.60000000,107510387.45200000,0
2023-03-14,20.4,22.12,19.75,20.86,9812864.39,2023-03-14 23:59:59.999,206265491.74300000,381197,4968693.13000000,104458407.72580000,0
2023-03-15,20.86,21.46,18.7,19.24,7661168.72,2023-03-15 23:59:59.999,152873436.11150000,297554,3664351.89000000,73141094.95710000,0
2023-03-16,19.25,19.9,18.88,19.67,4381882.68,2023-03-16 23:59:59.999,85218944.71110000,175444,2120766.78000000,41269920.05080000,0
2023-03-17,19.67,21.69,19.42,21.6,5853746.15,2023-03-17 23:59:59.999,119477590.31910000,226642,2932507.05000000,59911169.04110000,0
2023-03-18,21.6,22.94,21.05,21.2,7417972.25,2023-03-18 23:59:59.999,163869083.74430000,318142,3691522.48000000,81585414.16230000,0
2023-03-19,21.2,22.43,21.19,21.86,4290990.03,2023-03-19 23:59:59.999,93875263.56970000,176495,2182601.63000000,47752090.20540000,0
2023-03-20,21.86,23.91,21.35,22.13,10056429.13,2023-03-20 23:59:59.999,229184068.54180000,444627,5104084.27000000,116310878.31690000,0
2023-03-21,22.13,23.33,21.51,22.53,6547867.38,2023-03-21 23:59:59.999,147281635.24920000,264477,3222001.89000000,72506473.57620000,0
2023-03-22,22.52,23.09,20.93,21.42,8602292.98,2023-03-22 23:59:59.999,190178186.19450000,332692,4213231.00000000,93223664.47290000,0
2023-03-23,21.41,22.95,21.08,22.16,5049411.36,2023-03-23 23:59:59.999,110887607.21720000,185723,2641577.72000000,58086155.23260000,0
2023-03-24,22.16,22.27,20.26,20.66,4995998.21,2023-03-24 23:59:59.999,105444805.24650000,182757,2537434.38000000,53505549.69570000,0
2023-03-25,20.66,20.98,20.09,20.41,2338133.56,2023-03-25 23:59:59.999,48126751.79770000,98857,1097978.60000000,22601982.07690000,0
2023-03-26,20.4,21.14,20.29,20.94,1848599.09,2023-03-26 23:59:59.999,38525107.78750000,73413,949982.51000000,19799794.07090000,0
2023-03-27,20.94,20.99,19.33,19.91,3556384.38,2023-03-27 23:59:59.999,71424696.49610000,131411,1647604.23000000,33081523.12610000,0
2023-03-28,19.91,20.88,19.6,20.45,3316462.41,2023-03-28 23:59:59.999,66838750.35370000,122189,1625104.66000000,32764623.37560000,0
2023-03-29,20.45,21.56,20.43,21.1,3377523.28,2023-03-29 23:59:59.999,71294760.14900000,123019,1731857.69000000,36558489.13540000,0
2023-03-30,21.1,21.67,20.16,20.55,4349577.78,2023-03-30 23:59:59.999,90293720.90490000,149633,2159838.43000000,44839177.93880000,0
2023-03-31,20.55,21.49,20.04,21.16,3228391.27,2023-03-31 23:59:59.999,66841059.79360000,115061,1615995.04000000,33486049.08640000,0
2023-04-01,21.15,21.34,20.74,21.08,1824463.55,2023-04-01 23:59:59.999,38378008.27390000,79306,962821.08000000,20254706.67730000,0
2023-04-02,21.07,21.3,20.23,20.52,1822345.58,2023-04-02 23:59:59.999,37792706.56480000,81028,883241.39000000,18314169.03110000,0
2023-04-03,20.52,20.99,19.94,20.45,3984085.57,2023-04-03 23:59:59.999,81293742.06180000,146124,1926588.65000000,39278904.01060000,0
2023-04-04,20.45,21.26,20.28,20.92,2514863.89,2023-04-04 23:59:59.999,52336172.11350000,95627,1297774.05000000,27013291.69140000,0
2023-04-05,20.91,21.34,20.58,20.97,2603072.26,2023-04-05 23:59:59.999,54699560.37520000,101797,1314653.05000000,27634737.26310000,0
2023-04-06,20.96,20.99,20.43,20.62,1674280.5,2023-04-06 23:59:59.999,34623160.80100000,68618,805147.10000000,16656293.37980000,0
2023-04-07,20.62,20.78,20.22,20.44,1220862.47,2023-04-07 23:59:59.999,24962530.93410000,55610,594859.12000000,12167300.28700000,0
2023-04-08,20.44,20.74,19.85,20.04,1608993.48,2023-04-08 23:59:59.999,32613603.65070000,62582,802898.58000000,16276701.40460000,0
2023-04-09,20.04,20.44,19.87,20.28,1051608.84,2023-04-09 23:59:59.999,21204993.01370000,49642,534789.39000000,10787224.67000000,0
2023-04-10,20.29,20.95,20.08,20.89,1615129.64,2023-04-10 23:59:59.999,33082258.53470000,68772,840052.21000000,17212808.83490000,0
2023-04-11,20.89,23.68,20.82,22.98,8297859.99,2023-04-11 23:59:59.999,187821252.60310000,342838,4258675.05000000,96261090.92580000,0
2023-04-12,22.99,24.48,22.29,23.8,10374263.08,2023-04-12 23:59:59.999,245273383.45270000,397878,5325946.05000000,125957700.77190000,0
2023-04-13,23.81,25.3,23.63,24.43,6063385.78,2023-04-13 23:59:59.999,148267011.99380000,225178,3034343.78000000,74184073.67940000,0
2023-04-14,24.43,25.49,23.73,24.71,6432126.81,2023-04-14 23:59:59.999,158987936.10120000,259938,3252168.89000000,80479495.29680000,0
2023-04-15,24.72,24.8,23.81,24.05,2861426.92,2023-04-15 23:59:59.999,69401166.77400000,106820,1423074.33000000,34516351.42530000,0
2023-04-16,24.05,25.49,23.81,25.34,3471417.67,2023-04-16 23:59:59.999,85696287.37580000,145691,1796012.47000000,44359835.63210000,0
2023-04-17,25.34,26.0,24.28,24.58,5631537.5,2023-04-17 23:59:59.999,141638685.59210000,237722,2712439.29000000,68264527.66400000,0
2023-04-18,24.57,25.44,24.0,24.82,3477504.6,2023-04-18 23:59:59.999,86340721.15760000,136977,1746459.01000000,43378086.59700000,0
2023-04-19,24.82,24.98,21.71,22.66,6650547.99,2023-04-19 23:59:59.999,154611702.94510000,278574,3291784.78000000,76503771.03020000,0
2023-04-20,22.66,23.18,21.59,22.2,5486212.56,2023-04-20 23:59:59.999,122984399.70620000,227359,2609030.85000000,58427637.40710000,0
2023-04-21,22.19,22.41,21.0,21.25,4194496.37,2023-04-21 23:59:59.999,91117869.26330000,147812,2025718.79000000,44015463.10660000,0
2023-04-22,21.26,21.99,21.05,21.79,1831214.09,2023-04-22 23:59:59.999,39509360.29290000,75308,959634.26000000,20717776.31460000,0
2023-04-23,21.79,22.25,20.91,21.47,2754139.65,2023-04-23 23:59:59.999,59657685.96790000,101756,1389711.87000000,30134113.90320000,0
2023-04-24,21.47,22.02,21.0,21.38,3120614.16,2023-04-24 23:59:59.999,67118302.58100000,116140,1512733.37000000,32541739.83290000,0
2023-04-25,21.39,21.97,20.73,21.93,3314599.54,2023-04-25 23:59:59.999,70038971.46490000,108215,1694222.46000000,35823731.73140000,0
2023-04-26,21.94,22.97,20.36,21.28,6657868.13,2023-04-26 23:59:59.999,145622482.24520000,245072,3246663.42000000,71109488.43920000,0
2023-04-27,21.28,22.52,21.18,22.33,4703115.03,2023-04-27 23:59:59.999,103151347.53710000,164959,2369828.57000000,51968296.60260000,0
2023-04-28,22.34,23.5,22.16,23.34,4422324.38,2023-04-28 23:59:59.999,101037207.01320000,181675,2292832.95000000,52385593.72970000,0
2023-04-29,23.34,23.89,22.9,23.19,3194699.55,2023-04-29 23:59:59.999,74573317.02560000,126795,1541550.48000000,35986769.53700000,0
2023-04-30,23.18,23.99,22.69,22.74,3110943.4,2023-04-30 23:59:59.999,72653365.18580000,135691,1551207.58000000,36228127.06920000,0
2023-05-01,22.73,22.88,21.54,21.96,3758634.21,2023-05-01 23:59:59.999,83028090.56660000,142085,1905943.72000000,42128855.19080000,0
2023-05-02,21.95,22.38,21.75,22.25,2566813.09,2023-05-02 23:59:59.999,56694549.29130000,87272,1268628.89000000,28034876.70810000,0
2023-05-03,22.25,22.3,21.23,22.24,4181975.28,2023-05-03 23:59:59.999,90683868.53260000,138483,2081143.75000000,45128164.35470000,0
2023-05-04,22.24,22.49,21.61,21.74,2529635.56,2023-05-04 23:59:59.999,55794938.99500000,95797,1218827.79000000,26891473.77130000,0
2023-05-05,21.74,23.07,21.56,22.82,3636404.07,2023-05-05 23:59:59.999,81078034.57100000,132976,1863451.98000000,41571636.59440000,0
2023-05-06,22.82,23.23,21.56,21.91,2849745.66,2023-05-06 23:59:59.999,63556974.24930000,128400,1369144.01000000,30554817.66570000,0
2023-05-07,21.91,22.78,21.63,21.66,2954384.97,2023-05-07 23:59:59.999,65622089.62940000,127435,1498818.77000000,33317846.28390000,0
2023-05-08,21.65,21.81,20.0,20.62,5254424.55,2023-05-08 23:59:59.999,110323115.84600000,215313,2475511.89000000,52037980.33670000,0
2023-05-09,20.63,21.0,20.4,20.65,2375473.6,2023-05-09 23:59:59.999,49074673.71800000,89469,1149476.86000000,23749712.59050000,0
2023-05-10,20.66,21.31,19.74,20.91,5057170.3,2023-05-10 23:59:59.999,105186175.67840000,172064,2532755.78000000,52700415.18290000,0
2023-05-11,20.92,20.93,19.69,20.17,3721715.1,2023-05-11 23:59:59.999,75301830.78030000,130603,1866298.73000000,37771226.37230000,0
2023-05-12,20.17,20.95,19.8,20.9,3076452.18,2023-05-12 23:59:59.999,62576189.08040000,130573,1569284.82000000,31941404.18330000,0
2023-05-13,20.91,21.29,20.77,20.84,1835421.61,2023-05-13 23:59:59.999,38541774.64900000,87138,911956.43000000,19153396.75080000,0
2023-05-14,20.83,21.28,20.62,20.93,1553375.08,2023-05-14 23:59:59.999,32524042.80070000,55101,801148.20000000,16779226.77520000,0
2023-05-15,20.93,21.52,20.6,20.99,2858317.83,2023-05-15 23:59:59.999,60589521.07320000,99861,1534787.75000000,32541357.27230000,0
2023-05-16,20.98,21.13,20.43,20.67,2722401.44,2023-05-16 23:59:59.999,56488107.12770000,82744,1482240.65000000,30766933.74970000,0
2023-05-17,20.68,21.23,20.42,21.06,2614414.01,2023-05-17 23:59:59.999,54381219.57400000,95994,1391824.78000000,28968549.46120000,0
2023-05-18,21.06,21.09,20.07,20.34,2624370.52,2023-05-18 23:59:59.999,54122873.64920000,85048,1318240.97000000,27198493.48960000,0
2023-05-19,20.35,20.59,20.21,20.36,1214543.49,2023-05-19 23:59:59.999,24774397.64720000,44184,610735.30000000,12461127.36980000,0
2023-05-20,20.35,20.37,20.08,20.28,856718.98,2023-05-20 23:59:59.999,17331516.04120000,32249,434428.06000000,8790483.73650000,0
2023-05-21,20.28,20.39,19.33,19.61,1976334.78,2023-05-21 23:59:59.999,39399092.88940000,70021,955351.86000000,19065504.12760000,0
2023-05-22,19.61,20.03,19.28,19.53,2054927.32,2023-05-22 23:59:59.999,40435124.86650000,62601,1075310.25000000,21163724.32840000,0
2023-05-23,19.52,20.18,19.42,20.02,2466255.33,2023-05-23 23:59:59.999,49125104.39960000,69834,1254033.81000000,24981263.10860000,0
2023-05-24,20.02,20.07,18.66,19.22,2780601.57,2023-05-24 23:59:59.999,53714029.78220000,95272,1306404.15000000,25233851.98970000,0
2023-05-25,19.22,19.58,18.77,19.25,1692742.89,2023-05-25 23:59:59.999,32636649.66440000,74514,877796.85000000,16926580.96110000,0
2023-05-26,19.25,19.56,19.08,19.35,1034272.52,2023-05-26 23:59:59.999,19995752.48310000,40268,533363.73000000,10312792.23150000,0
2023-05-27,19.35,20.54,19.33,20.43,1565995.03,2023-05-27 23:59:59.999,31175014.05420000,68435,852198.31000000,16973231.85550000,0
2023-05-28,20.42,21.19,20.29,20.81,2874459.57,2023-05-28 23:59:59.999,59442842.86560000,112931,1456542.21000000,30127889.18450000,0
2023-05-29,20.81,20.98,20.26,20.57,2222352.38,2023-05-29 23:59:59.999,45832375.19580000,92379,1014279.99000000,20921203.30510000,0
2023-05-30,20.57,21.4,20.46,21.25,3192653.91,2023-05-30 23:59:59.999,67259618.84890000,119873,1629181.61000000,34316820.06300000,0
2023-05-31,21.25,21.33,20.37,20.81,2050625.96,2023-05-31 23:59:59.999,42487752.86810000,78634,1013354.36000000,20987782.39690000,0
2023-06-01,20.82,20.98,20.41,20.49,1732297.47,2023-06-01 23:59:59.999,35827115.89200000,85430,828404.08000000,17138573.13610000,0
2023-06-02,20.49,21.37,20.3,21.26,2068166.11,2023-06-02 23:59:59.999,43533850.45290000,71386,1062667.64000000,22368902.35790000,0
2023-06-03,21.26,21.35,20.95,21.19,1130915.88,2023-06-03 23:59:59.999,23911838.32160000,43087,546786.38000000,11564445.18580000,0
2023-06-04,21.19,22.3,21.03,21.82,2800007.16,2023-06-04 23:59:59.999,61235931.70120000,113651,1501612.64000000,32829132.53290000,0
2023-06-05,21.83,22.06,19.03,20.0,6215040.24,2023-06-05 23:59:59.999,128314404.54970000,236131,3048528.59000000,63016894.13990000,0
2023-06-06,20.01,20.7,19.23,20.38,4383534.14,2023-06-06 23:59:59.999,87570026.46160000,151125,2217349.68000000,44315476.85820000,0
2023-06-07,20.38,20.53,18.5,18.64,3842270.95,2023-06-07 23:59:59.999,74564492.27950000,131089,1829586.88000000,35510414.41280000,0
2023-06-08,18.64,19.11,18.23,18.89,2669714.01,2023-06-08 23:59:59.999,49983556.28390000,96458,1268288.70000000,23752906.22850000,0
2023-06-09,18.88,19.37,17.11,17.4,4755455.49,2023-06-09 23:59:59.999,86834563.32930000,151879,2307088.66000000,42096332.70640000,0
2023-06-10,17.4,17.43,12.8,15.61,17211734.83,2023-06-10 23:59:59.999,257899669.92410000,546884,8603969.73000000,128942441.85130000,0
2023-06-11,15.61,16.18,15.11,15.55,6064017.28,2023-06-11 23:59:59.999,94450259.47820000,171966,3103669.30000000,48362654.16780000,0
2023-06-12,15.55,15.69,14.74,15.19,5195357.99,2023-06-12 23:59:59.999,79018834.58210000,143884,2562170.24000000,38989784.41700000,0
2023-06-13,15.19,16.0,14.76,15.04,4814274.27,2023-06-13 23:59:59.999,73501068.09740000,137385,2458282.18000000,37550080.05610000,0
2023-06-14,15.03,15.37,14.06,14.48,3978891.53,2023-06-14 23:59:59.999,59168861.05780000,119760,2000448.41000000,29769549.54870000,0
2023-06-15,14.49,15.08,14.18,14.77,4700648.85,2023-06-15 23:59:59.999,68956600.10540000,150206,2131267.03000000,31280976.66190000,0
2023-06-16,14.78,15.47,14.38,15.31,2809890.09,2023-06-16 23:59:59.999,42032019.36080000,100067,1386234.26000000,20750657.46630000,0
2023-06-17,15.32,16.12,15.16,15.64,2500321.4,2023-06-17 23:59:59.999,39363071.32670000,90284,1259828.85000000,19832550.05360000,0
2023-06-18,15.65,15.84,15.28,15.45,1603688.44,2023-06-18 23:59:59.999,24988841.24910000,64825,800248.90000000,12471061.04450000,0
2023-06-19,15.45,16.14,15.34,16.1,1890318.27,2023-06-19 23:59:59.999,29630700.91550000,73328,1014407.63000000,15908248.26340000,0
2023-06-20,16.1,16.69,15.73,16.64,3005581.72,2023-06-20 23:59:59.999,48599821.65090000,115323,1524484.84000000,24656921.29590000,0
2023-06-21,16.65,17.4,16.54,17.23,4146918.99,2023-06-21 23:59:59.999,70174971.85780000,141146,2061876.26000000,34901391.54550000,0
2023-06-22,17.23,17.75,16.57,16.62,3547312.43,2023-06-22 23:59:59.999,60681208.26930000,117978,1671575.20000000,28601242.94980000,0
2023-06-23,16.62,17.53,16.16,17.13,4851596.52,2023-06-23 23:59:59.999,81683374.92060000,152991,2381027.41000000,40070927.18120000,0
2023-06-24,17.14,17.53,16.37,16.64,2908701.89,2023-06-24 23:59:59.999,49434893.85460000,106882,1418699.40000000,24111692.70260000,0
2023-06-25,16.64,17.38,16.57,16.96,2723041.25,2023-06-25 23:59:59.999,46423157.94870000,109594,1324665.24000000,22580540.70790000,0
2023-06-26,16.96,17.12,15.89,16.27,3056592.4,2023-06-26 23:59:59.999,50708531.87590000,118719,1526097.85000000,25306241.91510000,0
2023-06-27,16.27,16.93,16.13,16.63,2951107.45,2023-06-27 23:59:59.999,48945681.09790000,94192,1506082.11000000,24974069.70880000,0
2023-06-28,16.63,16.65,15.6,15.97,4040252.29,2023-06-28 23:59:59.999,65244690.96150000,129721,1900518.38000000,30704798.55900000,0
2023-06-29,15.98,18.28,15.87,17.99,7948251.73,2023-06-29 23:59:59.999,138922032.38260000,281100,4127522.95000000,72056236.47930000,0
2023-06-30,18.0,20.03,17.01,18.86,11454016.49,2023-06-30 23:59:59.999,213782011.50990000,434580,5690274.78000000,106223293.91080000,0
2023-07-01,18.85,19.0,17.9,18.7,3515091.93,2023-07-01 23:59:59.999,64576714.60400000,138180,1665228.90000000,30580817.87770000,0
2023-07-02,18.7,19.74,18.53,19.45,4872775.08,2023-07-02 23:59:59.999,93143280.63980000,197708,2416324.51000000,46203456.08150000,0
2023-07-03,19.46,19.66,18.87,19.26,3065186.84,2023-07-03 23:59:59.999,59024387.90900000,124367,1357377.41000000,26140381.02900000,0
2023-07-04,19.25,19.94,19.06,19.13,3096292.18,2023-07-04 23:59:59.999,60240000.17870000,126023,1435849.91000000,27951195.35880000,0
2023-07-05,19.14,19.53,18.32,19.0,2415908.51,2023-07-05 23:59:59.999,45542827.12180000,114667,1124064.12000000,21198209.01870000,0
2023-07-06,18.99,21.0,18.82,19.61,9598016.99,2023-07-06 23:59:59.999,191792798.08700000,372425,4716218.74000000,94125601.48290000,0
2023-07-07,19.61,21.9,19.26,21.5,9794096.48,2023-07-07 23:59:59.999,201924527.84720000,384122,4870777.47000000,100540994.10940000,0
2023-07-08,21.51,22.5,21.32,21.81,6473021.26,2023-07-08 23:59:59.999,141295328.47560000,264889,3293954.15000000,71935645.24200000,0
2023-07-09,21.82,22.38,20.99,21.32,3867361.76,2023-07-09 23:59:59.999,83516230.06460000,154175,1900434.47000000,41070401.81410000,0
2023-07-10,21.32,21.81,20.47,21.3,5671089.94,2023-07-10 23:59:59.999,119669352.04420000,196646,2728853.92000000,57595657.38520000,0
2023-07-11,21.3,22.37,21.2,22.07,4616810.71,2023-07-11 23:59:59.999,101337891.11350000,157161,2313972.53000000,50809132.54340000,0
2023-07-12,22.06,22.8,21.74,21.94,6086113.95,2023-07-12 23:59:59.999,135359662.47270000,189342,3109222.36000000,69158613.46740000,0
2023-07-13,21.93,26.82,21.42,26.01,16102139.02,2023-07-13 23:59:59.999,395883099.33320000,603877,8343692.87000000,205417823.19790000,0
2023-07-14,26.01,32.13,25.23,26.67,19571913.81,2023-07-14 23:59:59.999,548113747.13870000,885958,10185289.16000000,285508407.12510000,0
2023-07-15,26.67,29.12,26.45,27.46,11042658.65,2023-07-15 23:59:59.999,308185912.93300000,428646,5518498.42000000,154095554.96890000,0
2023-07-16,27.47,28.7,26.46,27.42,6708916.61,2023-07-16 23:59:59.999,185949789.30680000,254712,3419301.28000000,94834427.49200000,0
2023-07-17,27.41,28.49,25.55,26.8,8662837.64,2023-07-17 23:59:59.999,233808383.08530000,303749,4493486.74000000,121317319.79000000,0
2023-07-18,26.8,27.09,24.76,25.54,6327315.88,2023-07-18 23:59:59.999,162539120.38300000,238967,3206689.06000000,82407487.46840000,0
2023-07-19,25.54,26.99,25.35,26.31,4966905.24,2023-07-19 23:59:59.999,130869739.93050000,193252,2407822.85000000,63426017.22740000,0
2023-07-20,26.31,27.38,25.03,25.38,4977278.58,2023-07-20 23:59:59.999,130841441.19320000,194457,2397101.41000000,63034650.06100000,0
2023-07-21,25.38,26.0,25.06,25.5,3295444.38,2023-07-21 23:59:59.999,83937045.07010000,123630,1642845.93000000,41846178.03620000,0
2023-07-22,25.51,25.97,24.0,24.52,2382898.21,2023-07-22 23:59:59.999,60174223.55340000,103233,1132352.14000000,28624772.80320000,0
2023-07-23,24.52,25.26,24.15,24.76,2341589.79,2023-07-23 23:59:59.999,57939891.74060000,89045,1148360.47000000,28424025.10750000,0
2023-07-24,24.76,24.83,22.89,23.37,4042066.22,2023-07-24 23:59:59.999,95589118.35350000,160445,1881003.82000000,44479523.95540000,0
2023-07-25,23.36,23.6,22.73,23.27,2522195.44,2023-07-25 23:59:59.999,58601388.88230000,93871,1172231.50000000,27244045.05700000,0
2023-07-26,23.28,25.68,23.17,25.17,6033716.58,2023-07-26 23:59:59.999,148145864.38150000,227754,2878724.41000000,70772793.15470000,0
2023-07-27,25.18,25.65,24.66,25.1,4207657.06,2023-07-27 23:59:59.999,105905173.14770000,157065,2061769.35000000,51895783.46340000,0
2023-07-28,25.1,25.56,24.54,24.82,2736684.18,2023-07-28 23:59:59.999,68413824.77130000,95583,1390721.86000000,34774889.18970000,0
2023-07-29,24.82,25.39,24.75,25.17,1768964.07,2023-07-29 23:59:59.999,44445373.71900000,66090,948648.75000000,23838773.64380000,0
2023-07-30,25.17,25.21,23.47,24.25,2774658.63,2023-07-30 23:59:59.999,67970555.18280000,101722,1315638.27000000,32242578.80500000,0
2023-07-31,24.25,24.79,23.52,23.73,3167365.08,2023-07-31 23:59:59.999,76731579.08720000,105119,1503439.05000000,36397476.79870000,0
2023-08-01,23.72,24.07,22.84,24.05,3598080.21,2023-08-01 23:59:59.999,84313016.42710000,127563,1800682.42000000,42226572.00950000,0
2023-08-02,24.06,24.29,22.82,23.15,3308680.67,2023-08-02 23:59:59.999,77670104.67780000,105659,1567362.37000000,36782484.02310000,0
2023-08-03,23.14,23.38,22.44,22.65,2981853.02,2023-08-03 23:59:59.999,68128726.64140000,101471,1479774.01000000,33810706.61470000,0
2023-08-04,22.65,23.57,22.48,22.8,3225053.92,2023-08-04 23:59:59.999,74192665.66630000,106095,1568031.34000000,36089086.48820000,0
2023-08-05,22.8,22.94,22.23,22.65,1781301.39,2023-08-05 23:59:59.999,40302201.42200000,63306,836721.21000000,18930406.45760000,0
2023-08-06,22.66,23.48,22.58,23.2,2662470.7,2023-08-06 23:59:59.999,61527018.54380000,83194,1358016.91000000,31383056.33410000,0
2023-08-07,23.2,23.67,22.27,23.12,3303008.9,2023-08-07 23:59:59.999,75746901.17990000,98066,1567071.57000000,35947208.90640000,0
2023-08-08,23.11,24.79,23.02,24.22,4652753.86,2023-08-08 23:59:59.999,111090298.36430000,148381,2236260.80000000,53362641.86570000,0
2023-08-09,24.22,24.99,24.1,24.38,3857674.95,2023-08-09 23:59:59.999,94808230.42010000,132872,1823586.19000000,44799933.93610000,0
2023-08-10,24.39,24.89,24.13,24.62,2556841.66,2023-08-10 23:59:59.999,62687048.17360000,80719,1267749.32000000,31090751.03990000,0
2023-08-11,24.63,24.93,24.34,24.62,2415119.74,2023-08-11 23:59:59.999,59437169.25510000,66124,1237266.17000000,30459217.96210000,0
2023-08-12,24.63,25.24,24.4,24.91,1814019.36,2023-08-12 23:59:59.999,44812274.94330000,53245,942510.99000000,23288658.43530000,0
2023-08-13,24.91,24.95,24.21,24.23,2013530.94,2023-08-13 23:59:59.999,49547712.21620000,57328,880398.73000000,21675847.94100000,0
2023-08-14,24.22,25.3,24.06,25.18,2935003.9,2023-08-14 23:59:59.999,72516463.88370000,91465,1450926.18000000,35838942.81550000,0
2023-08-15,25.19,25.42,23.74,23.9,3856498.57,2023-08-15 23:59:59.999,94605194.47310000,117585,1837829.24000000,45072348.29480000,0
2023-08-16,23.91,24.03,22.36,22.82,4333224.4,2023-08-16 23:59:59.999,100697586.35940000,150330,1936503.44000000,45027864.47350000,0
2023-08-17,22.82,23.43,20.0,21.66,6294552.09,2023-08-17 23:59:59.999,140793386.63880000,252049,2943358.56000000,65860248.04570000,0
2023-08-18,21.67,22.2,20.9,21.34,3890112.81,2023-08-18 23:59:59.999,84162797.66690000,138029,1896328.46000000,41046431.51110000,0
2023-08-19,21.34,22.18,21.29,21.9,1694233.32,2023-08-19 23:59:59.999,36834078.27590000,61202,891842.01000000,19388619.40910000,0
2023-08-20,21.89,22.04,21.57,21.77,1053613.37,2023-08-20 23:59:59.999,22975768.05990000,39239,511204.61000000,11152537.71890000,0
2023-08-21,21.78,21.79,20.3,21.2,2646392.48,2023-08-21 23:59:59.999,55880117.16290000,92666,1276844.36000000,26957458.43170000,0
2023-08-22,21.2,21.26,19.35,20.59,3635900.71,2023-08-22 23:59:59.999,74265939.70450000,111941,1767274.26000000,36110710.90220000,0
2023-08-23,20.59,21.82,20.33,21.74,3704350.5,2023-08-23 23:59:59.999,78082936.82940000,109572,1947970.17000000,41102529.79810000,0
2023-08-24,21.74,22.02,20.67,21.06,2719332.54,2023-08-24 23:59:59.999,58030701.12280000,94349,1338952.12000000,28561830.37030000,0
2023-08-25,21.05,21.06,20.09,20.42,2321828.3,2023-08-25 23:59:59.999,47660754.94630000,84045,1136266.62000000,23322057.38670000,0
2023-08-26,20.42,20.44,20.19,20.29,743690.27,2023-08-26 23:59:59.999,15106443.23970000,31762,392967.37000000,7985427.04850000,0
2023-08-27,20.28,20.92,20.24,20.79,1103526.81,2023-08-27 23:59:59.999,22767336.91630000,42259,576127.32000000,11885772.62300000,0
2023-08-28,20.79,20.8,20.03,20.56,1622343.78,2023-08-28 23:59:59.999,33203550.06000000,57505,790355.19000000,16180560.54860000,0
2023-08-29,20.57,22.05,20.12,21.79,5271801.95,2023-08-29 23:59:59.999,112370312.91340000,154885,2654123.89000000,56639806.21570000,0
2023-08-30,21.79,21.99,20.6,20.82,2462706.77,2023-08-30 23:59:59.999,52276975.24410000,87991,1152387.55000000,24457376.48150000,0
2023-08-31,20.82,21.07,19.43,19.74,3342646.88,2023-08-31 23:59:59.999,67332480.33670000,100944,1657051.32000000,33382013.76210000,0
2023-09-01,19.74,19.93,19.02,19.33,2517375.38,2023-09-01 23:59:59.999,49096752.30590000,79529,1256450.75000000,24513836.16120000,0
2023-09-02,19.33,19.69,19.13,19.5,1419243.59,2023-09-02 23:59:59.999,27635764.66980000,46090,690735.68000000,13457662.20420000,0
2023-09-03,19.5,19.67,19.23,19.57,1032117.62,2023-09-03 23:59:59.999,20100346.65460000,34732,544543.52000000,10612038.48040000,0
2023-09-04,19.57,20.05,19.15,19.52,2206040.45,2023-09-04 23:59:59.999,43282188.03480000,70789,1135398.81000000,22294141.06330000,0
2023-09-05,19.52,20.6,19.03,20.26,4197171.75,2023-09-05 23:59:59.999,83331680.19580000,129532,2095173.89000000,41622665.71530000,0
2023-09-06,20.26,20.39,19.14,19.64,3429947.48,2023-09-06 23:59:59.999,67450770.12990000,106644,1631471.29000000,32100158.19460000,0
2023-09-07,19.63,20.0,19.32,19.92,2375627.15,2023-09-07 23:59:59.999,46704804.41220000,64638,1252703.77000000,24648351.26990000,0
2023-09-08,19.92,20.28,19.37,19.61,1972054.86,2023-09-08 23:59:59.999,38871204.33140000,62435,936709.97000000,18476542.66190000,0
2023-09-09,19.6,19.61,19.38,19.44,646379.52,2023-09-09 23:59:59.999,12603416.14730000,25500,286414.93000000,5586500.35560000,0
2023-09-10,19.43,19.44,17.78,18.24,5630975.71,2023-09-10 23:59:59.999,103500551.95310000,183349,2553850.17000000,46914401.92390000,0
2023-09-11,18.23,18.46,17.33,17.72,4755172.77,2023-09-11 23:59:59.999,84740705.28260000,148667,2415625.10000000,43080920.56030000,0
2023-09-12,17.72,18.8,17.57,17.92,4818249.11,2023-09-12 23:59:59.999,87276943.03810000,140802,2481666.65000000,44970697.08340000,0
2023-09-13,17.91,18.56,17.69,18.4,4063710.36,2023-09-13 23:59:59.999,73823254.11750000,131254,2102785.77000000,38216534.61940000,0
2023-09-14,18.4,19.33,18.38,18.85,4397747.38,2023-09-14 23:59:59.999,83152569.96700000,134383,2212516.60000000,41834358.59680000,0
2023-09-15,18.85,19.5,18.55,19.14,2087888.26,2023-09-15 23:59:59.999,39672434.63320000,82808,1033874.96000000,19644062.90770000,0
2023-09-16,19.15,19.46,18.86,19.12,1416418.73,2023-09-16 23:59:59.999,27107934.46850000,57493,730062.40000000,13971384.19500000,0
2023-09-17,19.12,19.14,18.63,18.81,1073239.72,2023-09-17 23:59:59.999,20277133.88300000,41993,515202.88000000,9734211.08480000,0
2023-09-18,18.81,20.15,18.58,19.64,3731851.86,2023-09-18 23:59:59.999,72857443.46930000,130244,1861678.19000000,36366479.24250000,0
2023-09-19,19.65,20.42,19.58,20.03,3110481.29,2023-09-19 23:59:59.999,62239325.07480000,211645,1330563.07000000,26616635.59640000,0
2023-09-20,20.02,20.54,19.8,20.29,2588399.2,2023-09-20 23:59:59.999,52138246.83470000,98759,1280100.08000000,25796943.18810000,0
2023-09-21,20.29,20.29,19.29,19.46,2959370.24,2023-09-21 23:59:59.999,58335226.10910000,98554,1403444.67000000,27676708.13220000,0
2023-09-22,19.45,19.81,19.15,19.43,1857771.33,2023-09-22 23:59:59.999,36258735.79430000,63414,951441.38000000,18571900.12480000,0
2023-09-23,19.42,19.57,19.29,19.49,897913.0,2023-09-23 23:59:59.999,17455702.88110000,30406,425798.95000000,8279151.36680000,0
2023-09-24,19.48,19.68,19.2,19.36,1091026.97,2023-09-24 23:59:59.999,21286773.36580000,38377,543178.30000000,10602837.02280000,0
2023-09-25,19.36,19.74,19.07,19.39,1702995.14,2023-09-25 23:59:59.999,33180641.15870000,52018,816926.60000000,15927408.04590000,0
2023-09-26,19.39,19.53,18.84,19.03,1977195.6,2023-09-26 23:59:59.999,38045923.25880000,51826,959379.96000000,18470947.29270000,0
2023-09-27,19.03,19.48,18.73,19.14,2446438.2,2023-09-27 23:59:59.999,46717096.30490000,69839,1226208.82000000,23433880.72380000,0
2023-09-28,19.13,19.98,19.1,19.96,2804835.46,2023-09-28 23:59:59.999,54608721.00760000,75243,1403118.48000000,27337352.67080000,0
2023-09-29,19.97,20.46,19.85,20.28,2724984.42,2023-09-29 23:59:59.999,55001555.00160000,79328,1239853.14000000,25027492.19430000,0
2023-09-30,20.28,21.81,20.07,21.37,3565357.52,2023-09-30 23:59:59.999,75104202.50300000,120229,1762150.27000000,37138410.17550000,0
2023-10-01,21.37,24.5,21.13,23.87,6416328.5,2023-10-01 23:59:59.999,147394194.94490000,250790,3136849.12000000,71991249.12730000,0
2023-10-02,23.88,24.8,22.9,23.37,6313085.51,2023-10-02 23:59:59.999,151138394.87270000,266005,3020457.25000000,72357857.25970000,0
2023-10-03,23.38,24.77,23.21,23.6,5894722.26,2023-10-03 23:59:59.999,141345651.82000000,242698,2957005.73000000,70948214.67070000,0
2023-10-04,23.61,23.86,22.58,23.13,3945261.33,2023-10-04 23:59:59.999,91358908.53650000,164119,1964931.84000000,45529059.22050000,0
2023-10-05,23.13,23.76,22.53,22.7,3287722.78,2023-10-05 23:59:59.999,75895759.51380000,128809,1778177.09000000,41054099.63570000,0
2023-10-06,22.7,23.76,22.66,23.41,4366362.12,2023-10-06 23:59:59.999,101516273.26600000,158535,2224009.46000000,51656853.67090000,0
2023-10-07,23.41,24.21,23.08,23.3,2949841.72,2023-10-07 23:59:59.999,69543092.16860000,101895,1529362.03000000,36078767.77960000,0
2023-10-08,23.29,23.64,23.06,23.22,1934466.13,2023-10-08 23:59:59.999,45188043.05300000,73711,994130.31000000,23228330.72150000,0
2023-10-09,23.21,23.37,21.59,22.1,4186290.48,2023-10-09 23:59:59.999,93745879.43450000,199566,1879904.25000000,42087668.55960000,0
2023-10-10,22.09,22.48,21.69,22.11,2334716.24,2023-10-10 23:59:59.999,51580637.17730000,90922,1194002.65000000,26390457.37510000,0
2023-10-11,22.11,22.43,21.62,22.01,2734211.94,2023-10-11 23:59:59.999,60337421.98160000,95593,1444306.57000000,31889310.88430000,0
2023-10-12,22.01,22.05,20.93,21.28,2921129.02,2023-10-12 23:59:59.999,62502282.29770000,89434,1321685.44000000,28263393.18030000,0
2023-10-13,21.29,22.23,21.11,21.84,2403623.09,2023-10-13 23:59:59.999,51985427.70560000,74853,1240633.52000000,26829350.32770000,0
2023-10-14,21.85,22.31,21.8,22.0,1303774.54,2023-10-14 23:59:59.999,28705566.01710000,43884,631089.90000000,13900581.90010000,0
2023-10-15,22.0,22.17,21.66,21.93,1455965.78,2023-10-15 23:59:59.999,31890986.61250000,48984,704314.08000000,15430946.02630000,0
2023-10-16,21.93,24.75,21.89,23.95,6973642.82,2023-10-16 23:59:59.999,163524930.97620000,247014,3500859.14000000,82095692.63170000,0
2023-10-17,23.95,24.56,23.46,23.93,4456015.31,2023-10-17 23:59:59.999,107191830.76720000,165585,2134056.28000000,51366961.12440000,0
2023-10-18,23.94,24.43,23.36,23.42,2982409.96,2023-10-18 23:59:59.999,71109877.91280000,96869,1527949.02000000,36465344.82070000,0
2023-10-19,23.41,25.77,23.11,24.93,5889168.99,2023-10-19 23:59:59.999,144450495.71310000,195325,3050617.80000000,74837945.05240000,0
2023-10-20,24.92,27.5,24.73,27.03,7266627.01,2023-10-20 23:59:59.999,192705209.55610000,279364,3735079.45000000,99002522.34330000,0
2023-10-21,27.02,30.31,26.65,29.32,9576358.72,2023-10-21 23:59:59.999,275425425.77360000,346600,4770216.33000000,137277611.40410000,0
2023-10-22,29.33,30.01,28.09,29.05,5567480.03,2023-10-22 23:59:59.999,161191207.25130000,213565,2664173.10000000,77189725.83390000,0
2023-10-23,29.06,32.81,28.74,31.88,12178546.11,2023-10-23 23:59:59.999,368359321.65220000,470731,6458229.94000000,195339058.88770000,0
2023-10-24,31.88,32.61,29.5,30.17,11152278.09,2023-10-24 23:59:59.999,348657613.80560000,462785,5518748.85000000,172690975.68220000,0
2023-10-25,30.18,33.9,30.0,32.44,10582632.89,2023-10-25 23:59:59.999,342328412.26150000,441499,5365355.23000000,173742279.56120000,0
2023-10-26,32.43,33.28,30.73,32.77,6940180.71,2023-10-26 23:59:59.999,222596123.34020000,300882,3335256.71000000,107049132.18040000,0
2023-10-27,32.78,33.35,31.2,31.73,6273331.35,2023-10-27 23:59:59.999,202864018.83500000,267809,3131949.74000000,101332026.88450000,0
2023-10-28,31.73,32.51,31.35,31.63,2594478.41,2023-10-28 23:59:59.999,82954765.45070000,115942,1217576.09000000,38955664.85810000,0
2023-10-29,31.62,33.19,31.27,32.83,3483834.9,2023-10-29 23:59:59.999,113025329.75750000,143590,1759307.29000000,57082258.87020000,0
2023-10-30,32.83,35.35,32.28,34.94,7627255.13,2023-10-30 23:59:59.999,260895757.81880000,302180,3885546.29000000,132963398.52730000,0
2023-10-31,34.94,38.62,34.82,38.4,9267665.69,2023-10-31 23:59:59.999,337465622.32930000,418248,4696936.38000000,171173087.30160000,0
2023-11-01,38.41,46.9,37.81,41.15,19486359.98,2023-11-01 23:59:59.999,804674930.00290000,1118913,9945010.30000000,410885900.45620000,0
2023-11-02,41.16,44.57,38.65,40.23,14743830.91,2023-11-02 23:59:59.999,615193542.09570000,803736,7547554.99000000,315208052.93520000,0
2023-11-03,40.24,40.26,37.98,39.45,10290073.48,2023-11-03 23:59:59.999,402362618.13820000,499933,5238974.83000000,204989374.41600000,0
2023-11-04,39.45,42.72,39.0,42.41,7452581.71,2023-11-04 23:59:59.999,307758388.51080000,375836,3781124.42000000,156078438.41530000,0
2023-11-05,42.41,42.85,40.1,41.15,4117962.39,2023-11-05 23:59:59.999,170745448.07140000,243247,1986929.37000000,82407476.44540000,0
2023-11-06,41.16,42.2,39.66,42.16,4866558.59,2023-11-06 23:59:59.999,197526734.99150000,311052,2442746.72000000,99189415.35580000,0
2023-11-07,42.16,44.78,40.08,42.93,8826660.47,2023-11-07 23:59:59.999,372908004.03040000,533222,4365758.70000000,184489483.79130000,0
2023-11-08,42.93,43.88,42.25,43.13,4580371.01,2023-11-08 23:59:59.999,197444613.60900000,257006,2266127.96000000,97699498.44320000,0
2023-11-09,43.12,48.88,41.36,45.29,12546941.33,2023-11-09 23:59:59.999,572434384.90240000,827876,6280527.07000000,286653645.42820000,0
2023-11-10,45.3,57.54,45.05,56.67,14708555.35,2023-11-10 23:59:59.999,748150174.96560000,1162737,7517256.17000000,382653828.61910000,0
2023-11-11,56.67,63.95,53.55,56.34,13790858.3,2023-11-11 23:59:59.999,802941068.37400000,1270979,6887287.32000000,401165617.54030000,0
2023-11-12,56.36,61.86,54.5,56.28,10246085.39,2023-11-12 23:59:59.999,593063677.35000000,937454,5027316.25000000,291266335.68010000,0
2023-11-13,56.27,59.86,51.28,51.6,11066863.24,2023-11-13 23:59:59.999,619757525.55140000,1105038,5340555.66000000,299484314.88750000,0
2023-11-14,51.6,57.99,51.12,56.81,12213778.24,2023-11-14 23:59:59.999,669746384.38610000,1083209,6111329.46000000,335358367.35870000,0
2023-11-15,56.81,67.12,56.15,65.43,12800109.28,2023-11-15 23:59:59.999,793157487.20100000,1286609,6595560.40000000,408704501.58910000,0
2023-11-16,65.43,68.2,56.31,57.8,13868327.04,2023-11-16 23:59:59.999,873421967.78290000,1258736,6991648.73000000,440547347.77040000,0
2023-11-17,57.81,60.57,54.1,58.51,11968303.78,2023-11-17 23:59:59.999,691077611.19320000,992117,6097099.92000000,352274536.90340000,0
2023-11-18,58.52,59.37,54.7,58.56,7374946.5,2023-11-18 23:59:59.999,423498344.49160000,554041,3635563.05000000,208822766.55060000,0
2023-11-19,58.56,62.1,56.61,61.1,7009650.09,2023-11-19 23:59:59.999,420647369.44720000,552196,3518222.36000000,211134055.08130000,0
2023-11-20,61.1,61.33,56.0,56.57,7127562.28,2023-11-20 23:59:59.999,419235822.36550000,593999,3631917.25000000,213593660.16310000,0
2023-11-21,56.57,57.4,51.23,51.65,10741088.9,2023-11-21 23:59:59.999,586407080.00820000,810170,5316178.41000000,290277299.33300000,0
2023-11-22,51.65,58.94,51.43,57.56,7891464.65,2023-11-22 23:59:59.999,437326650.28530000,471290,3969490.11000000,219823587.96970000,0
2023-11-23,57.55,59.63,56.14,56.51,4925635.15,2023-11-23 23:59:59.999,284148025.19510000,383230,2415857.21000000,139426965.41760000,0
2023-11-24,56.52,58.79,56.2,56.86,3905651.92,2023-11-24 23:59:59.999,224921680.87430000,319344,1935951.93000000,111531498.39860000,0
2023-11-25,56.86,59.82,55.7,58.82,4095129.28,2023-11-25 23:59:59.999,239441357.65410000,314780,2050701.28000000,119999542.20140000,0
2023-11-26,58.81,59.04,56.12,57.57,3097837.47,2023-11-26 23:59:59.999,178464407.28270000,250802,1529318.34000000,88157394.87860000,0
2023-11-27,57.57,58.09,53.47,55.06,4618869.6,2023-11-27 23:59:59.999,255149638.21610000,357965,2288368.68000000,126352915.14570000,0
2023-11-28,55.06,58.65,53.94,58.18,5642915.95,2023-11-28 23:59:59.999,318405563.22790000,367903,2971068.72000000,167670391.20830000,0
2023-11-29,58.18,61.78,57.72,59.31,7574392.84,2023-11-29 23:59:59.999,452934119.58930000,484253,3841911.05000000,229719275.56090000,0
2023-11-30,59.31,61.7,58.75,59.3,4597104.01,2023-11-30 23:59:59.999,275587046.65800000,341750,2349326.86000000,140859819.95360000,0
2023-12-01,59.3,61.9,58.6,59.75,5422494.06,2023-12-01 23:59:59.999,328236649.12860000,382246,2811553.17000000,170211621.05810000,0
2023-12-02,59.74,63.9,59.67,63.66,4898503.76,2023-12-02 23:59:59.999,303922362.68540000,364915,2606938.18000000,161751473.54480000,0
2023-12-03,63.66,65.53,62.22,62.98,4675198.65,2023-12-03 23:59:59.999,297939228.06200000,360268,2344824.97000000,149564908.55220000,0
2023-12-04,62.99,65.25,59.75,61.64,7696216.19,2023-12-04 23:59:59.999,480297269.40670000,525683,3912969.25000000,244109861.21510000,0
2023-12-05,61.63,62.6,59.11,61.03,6032438.26,2023-12-05 23:59:59.999,365959805.86310000,399777,3071781.57000000,186429667.79590000,0
2023-12-06,61.04,66.68,61.03,61.85,11121135.68,2023-12-06 23:59:59.999,708229617.18340000,848401,5600956.90000000,356858114.96350000,0
2023-12-07,61.85,69.37,61.64,67.74,10648583.32,2023-12-07 23:59:59.999,693832168.86710000,771637,5627627.52000000,367174122.64300000,0
2023-12-08,67.74,75.3,67.74,74.94,11314830.348,2023-12-08 23:59:59.999,813635345.24784600,814049,5808220.12800000,417590274.32824600,0
2023-12-09,74.93,77.78,71.5,72.3,8809964.3,2023-12-09 23:59:59.999,661734151.01190000,695172,4318994.61000000,324563872.10690000,0
2023-12-10,72.31,74.89,70.67,74.87,5886808.01,2023-12-10 23:59:59.999,429356414.64880000,434901,3020247.96000000,220434257.69130000,0
2023-12-11,74.88,75.0,64.18,70.25,12970688.47,2023-12-11 23:59:59.999,901955694.28180000,974088,6403375.41000000,445350194.01090000,0
2023-12-12,70.24,72.42,65.75,68.6,7763463.64,2023-12-12 23:59:59.999,541671172.22830000,588718,3808248.75000000,265720193.21680000,0
2023-12-13,68.6,72.6,63.67,70.62,8271925.44,2023-12-13 23:59:59.999,559579173.07340000,603343,4085054.22000000,276713408.52280000,0
2023-12-14,70.62,76.24,68.18,75.68,7493589.41,2023-12-14 23:59:59.999,543474285.62420000,633186,3743096.26000000,271784050.44000000,0
2023-12-15,75.68,79.5,72.13,72.51,8834567.44,2023-12-15 23:59:59.999,673033918.09970000,786885,4658170.88000000,355055117.12520000,0
2023-12-16,72.51,77.22,71.18,73.72,5513079.61,2023-12-16 23:59:59.999,410808269.58640000,466725,2849930.90000000,212362045.12540000,0
2023-12-17,73.71,75.05,70.36,70.87,5108641.26,2023-12-17 23:59:59.999,372478234.03440000,422507,2505359.06000000,182721496.33520000,0
2023-12-18,70.85,75.46,67.0,74.42,7219822.33,2023-12-18 23:59:59.999,509564447.46180000,611266,3748877.08000000,264906318.70180000,0
2023-12-19,74.41,76.37,71.78,73.0,6086806.16,2023-12-19 23:59:59.999,452723595.90810000,527336,3163099.02000000,235320658.67690000,0
2023-12-20,73.0,84.14,72.96,82.21,10701294.29,2023-12-20 23:59:59.999,844729188.45020000,949815,5495655.74000000,433777056.71340000,0
2023-12-21,82.22,95.54,81.03,93.84,12129644.35,2023-12-21 23:59:59.999,1071627249.96010000,1243866,6121733.66000000,540602954.80030000,0
2023-12-22,93.86,99.5,90.34,97.9,11975121.56,2023-12-22 23:59:59.999,1142233209.19150000,1304087,5989875.58000000,571587438.20980000,0
2023-12-23,97.91,110.0,92.8,107.88,8336420.6,2023-12-23 23:59:59.999,834085981.57200000,993004,4206555.54000000,421616020.28700000,0
2023-12-24,107.88,118.1,107.3,112.45,12261699.03,2023-12-24 23:59:59.999,1381818060.28290000,1666365,6115059.48000000,689414206.29310000,0
2023-12-25,112.45,126.36,107.92,120.91,11114497.92,2023-12-25 23:59:59.999,1304701622.32380000,1530670,5849533.45000000,687526675.19790000,0
2023-12-26,120.91,121.36,102.09,112.49,12300095.38,2023-12-26 23:59:59.999,1381917663.71650000,1600432,5982009.94000000,671999842.19550000,0
2023-12-27,112.48,115.3,104.58,106.91,8972638.9,2023-12-27 23:59:59.999,984653333.03840000,1233525,4485827.58000000,492091907.85300000,0
2023-12-28,106.92,109.66,97.14,101.8,10194201.02,2023-12-28 23:59:59.999,1043685011.56190000,1255836,4926936.61000000,504735199.72540000,0
2023-12-29,101.8,110.0,99.0,106.17,9432538.67,2023-12-29 23:59:59.999,998024734.43060000,1208220,4851388.56000000,513548060.97480000,0
2023-12-30,106.17,107.47,100.62,101.9,4178339.62,2023-12-30 23:59:59.999,432370368.80490000,527519,2025406.37000000,209654507.85340000,0
2023-12-31,101.9,105.21,99.54,101.72,3821990.67,2023-12-31 23:59:59.999,393154901.34420000,490129,1891118.52000000,194679367.51630000,0
2024-01-01,101.72,109.93,101.44,109.91,4403310.37,2024-01-01 23:59:59.999,464763783.10890000,563530,2246699.81000000,237204677.83070000,0
2024-01-02,109.93,116.95,106.02,106.73,7831366.05,2024-01-02 23:59:59.999,872701826.11610000,1029366,4008477.70000000,446827198.45850000,0
2024-01-03,106.72,109.9,85.0,98.52,12221060.38,2024-01-03 23:59:59.999,1229680872.76490000,1428502,6232536.62000000,627433827.02820000,0
2024-01-04,98.52,108.15,96.6,104.91,7235482.95,2024-01-04 23:59:59.999,737464117.30160000,828177,3653791.90000000,372489031.14830000,0
2024-01-05,104.91,105.48,95.23,99.94,6703567.21,2024-01-05 23:59:59.999,670654588.26400000,792668,3291710.91000000,329377085.30620000,0
2024-01-06,99.93,100.3,91.53,93.77,5151478.03,2024-01-06 23:59:59.999,489617161.26860000,613981,2480905.00000000,235955276.84680000,0
2024-01-07,93.77,96.8,87.68,89.44,5547334.15,2024-01-07 23:59:59.999,518106999.38830000,610413,2580916.31000000,241282856.95520000,0
2024-01-08,89.44,99.97,85.16,97.88,9677497.13,2024-01-08 23:59:59.999,898941032.18470000,1011344,4710092.51000000,438203479.64750000,0
2024-01-09,97.88,104.89,95.25,99.36,8574930.67,2024-01-09 23:59:59.999,856996851.97270000,1264291,4321290.81000000,432338871.21310000,0
2024-01-10,99.36,105.52,91.68,102.0,8634280.07,2024-01-10 23:59:59.999,844272802.60540000,1171099,4381449.74000000,428847765.95380000,0
2024-01-11,101.99,107.32,97.67,99.9,8986682.95,2024-01-11 23:59:59.999,917867725.42330000,1293558,4538503.46000000,463763615.28730000,0
2024-01-12,99.89,100.49,87.0,92.12,6462190.24,2024-01-12 23:59:59.999,617727525.69660000,875300,3043361.85000000,291130683.46350000,0
2024-01-13,92.14,97.05,89.51,95.85,4054010.92,2024-01-13 23:59:59.999,378014581.52990000,483031,2011237.70000000,187619835.96010000,0
2024-01-14,95.85,102.87,93.62,93.81,5767904.66,2024-01-14 23:59:59.999,563898813.33970000,756466,2891152.04000000,282743985.97010000,0
2024-01-15,93.81,96.96,92.97,94.36,3605978.31,2024-01-15 23:59:59.999,343222588.91550000,434916,1739738.38000000,165668405.47980000,0
2024-01-16,94.35,98.73,94.16,97.61,3768288.08,2024-01-16 23:59:59.999,364626155.02710000,443725,1892826.06000000,183226578.56830000,0
2024-01-17,97.6,102.8,96.5,102.1,6932306.54,2024-01-17 23:59:59.999,694509428.59280000,890899,3613340.78000000,362073414.42950000,0
2024-01-18,102.1,103.59,91.41,94.4,6216673.0,2024-01-18 23:59:59.999,605242236.53430000,714584,3072389.67000000,299429596.42670000,0
2024-01-19,94.39,95.47,87.04,93.62,6357442.75,2024-01-19 23:59:59.999,586831116.74000000,684705,3168213.54000000,292427897.82480000,0
2024-01-20,93.62,94.27,90.2,92.88,2799385.87,2024-01-20 23:59:59.999,258219863.82510000,301796,1369328.96000000,126304723.06080000,0
2024-01-21,92.88,93.93,90.79,91.09,2013751.83,2024-01-21 23:59:59.999,186423090.09210000,229723,969328.97000000,89740138.70210000,0
2024-01-22,91.08,91.9,82.06,83.84,7065444.82,2024-01-22 23:59:59.999,613926823.35880000,708563,3395322.41000000,295056728.98260000,0
2024-01-23,83.84,86.0,79.0,84.35,8284305.33,2024-01-23 23:59:59.999,677658028.81720000,830273,4120348.42000000,337302292.54910000,0
2024-01-24,84.36,89.47,83.3,88.77,6058894.15,2024-01-24 23:59:59.999,522038046.01900000,591745,3133569.06000000,270094314.54770000,0
2024-01-25,88.77,89.64,85.09,86.91,4002698.2,2024-01-25 23:59:59.999,350394786.47190000,475624,2000334.88000000,175170645.31780000,0
2024-01-26,86.9,93.72,85.96,92.28,4693818.55,2024-01-26 23:59:59.999,425941268.20700000,560673,2402891.58000000,218010448.57730000,0
2024-01-27,92.29,94.5,90.68,94.28,2735837.45,2024-01-27 23:59:59.999,253216534.31180000,302341,1423849.38000000,131819116.77930000,0
2024-01-28,94.27,99.44,93.31,95.98,5618408.23,2024-01-28 23:59:59.999,541703113.86270000,648842,2919224.19000000,281536683.69330000,0
2024-01-29,95.99,101.98,95.06,101.68,5772519.82,2024-01-29 23:59:59.999,569954869.72520000,634094,3007737.00000000,297076844.96590000,0
2024-01-30,101.67,106.49,100.95,101.4,6990527.25,2024-01-30 23:59:59.999,726848061.36780000,743499,3556509.31000000,369911937.02120000,0
2024-01-31,101.4,102.73,95.9,96.96,8609956.87,2024-01-31 23:59:59.999,859420024.33370000,914548,4288753.19000000,428288268.77050000,0
2024-02-01,96.96,98.11,93.11,97.81,6556006.07,2024-02-01 23:59:59.999,627562058.69940000,652301,3228196.33000000,309093273.84010000,0
2024-02-02,97.81,102.57,97.39,100.58,5487861.84,2024-02-02 23:59:59.999,548625813.66620000,580111,2751200.63000000,275124077.63040000,0
2024-02-03,100.57,101.24,96.53,97.96,2787373.11,2024-02-03 23:59:59.999,274762025.03280000,292310,1382286.53000000,136281901.06360000,0
2024-02-04,97.95,98.59,95.08,95.49,2914876.34,2024-02-04 23:59:59.999,282911440.80330000,295763,1423038.52000000,138173035.86010000,0
2024-02-05,95.48,98.7,94.11,95.66,3891146.06,2024-02-05 23:59:59.999,375072768.13810000,381857,1964214.86000000,189483103.37250000,0
2024-02-06,95.66,97.88,92.88,96.88,4279238.07,2024-02-06 23:59:59.999,408309176.20140000,407235,2154937.56000000,205595782.43370000,0
2024-02-07,96.87,101.58,94.62,101.14,4577672.06,2024-02-07 23:59:59.999,446039059.91970000,489245,2329138.14000000,227261096.61420000,0
2024-02-08,101.14,104.98,100.51,102.76,5082811.46,2024-02-08 23:59:59.999,521415121.73230000,574488,2548368.44000000,261425100.13790000,0
2024-02-09,102.77,109.13,102.76,106.94,6686758.45,2024-02-09 23:59:59.999,705846559.51410000,724146,3467051.74000000,366014739.06680000,0
2024-02-10,106.94,110.86,106.86,109.01,3939526.49,2024-02-10 23:59:59.999,429171975.24340000,451222,2005802.90000000,218541100.55890000,0
2024-02-11,109.01,110.67,107.24,107.46,2755398.4,2024-02-11 23:59:59.999,300070898.86570000,337007,1329304.41000000,144792952.79430000,0
2024-02-12,107.46,112.22,103.4,111.64,6169652.05,2024-02-12 23:59:59.999,665452212.16850000,684788,3098042.67000000,334279630.39970000,0
2024-02-13,111.65,115.15,108.25,112.48,5622825.56,2024-02-13 23:59:59.999,631903077.79330000,674183,2771345.37000000,311405826.25770000,0
2024-02-14,112.49,118.69,110.61,116.97,4884824.42,2024-02-14 23:59:59.999,563977441.67390000,593380,2535103.80000000,292809396.44940000,0
2024-02-15,116.97,118.39,111.51,113.5,4927735.5,2024-02-15 23:59:59.999,567749563.97490000,658457,2277417.52000000,262353178.74950000,0
2024-02-16,113.5,114.25,107.94,110.33,3947132.77,2024-02-16 23:59:59.999,438070793.20230000,521407,1907792.46000000,211814412.40890000,0
2024-02-17,110.32,111.08,105.0,108.92,2897705.67,2024-02-17 23:59:59.999,314210779.89930000,388340,1328720.54000000,144136048.85460000,0
2024-02-18,108.92,114.04,107.51,112.24,3083833.73,2024-02-18 23:59:59.999,343205223.46570000,414145,1589233.83000000,176806018.08160000,0
2024-02-19,112.25,114.87,110.75,111.53,3746704.95,2024-02-19 23:59:59.999,422129836.04570000,514577,1822769.11000000,205431020.34460000,0
2024-02-20,111.53,112.11,103.0,108.31,5676734.13,2024-02-20 23:59:59.999,614703000.80990000,732595,2793426.70000000,302432954.19550000,0
2024-02-21,108.32,108.4,100.23,105.03,4752688.01,2024-02-21 23:59:59.999,493622986.47060000,638631,2247491.44000000,233441642.56790000,0
2024-02-22,105.04,107.1,101.53,101.76,3905642.33,2024-02-22 23:59:59.999,408028903.11970000,532651,2017092.37000000,210745180.83830000,0
2024-02-23,101.75,103.1,98.64,99.9,3546853.99,2024-02-23 23:59:59.999,359325149.93840000,441289,1746511.02000000,176969708.62940000,0
2024-02-24,99.91,104.85,98.48,104.01,2334116.02,2024-02-24 23:59:59.999,237972991.02250000,300412,1238506.30000000,126296954.49450000,0
2024-02-25,104.02,104.43,102.0,103.47,1967184.81,2024-02-25 23:59:59.999,202983222.20780000,285185,933488.17000000,96331564.64630000,0
2024-02-26,103.47,110.89,100.29,109.9,5392138.71,2024-02-26 23:59:59.999,570413289.46480000,723403,2824015.44000000,298794797.94010000,0
2024-02-27,109.9,112.3,105.29,108.36,6198163.52,2024-02-27 23:59:59.999,679932921.20060000,910828,3061442.24000000,335848421.70370000,0
2024-02-28,108.35,119.06,106.85,119.03,11832282.01,2024-02-28 23:59:59.999,1332835060.49580000,1812047,6046391.03000000,681766965.72580000,0
2024-02-29,119.03,134.65,117.15,125.68,13847087.32,2024-02-29 23:59:59.999,1758043857.42170000,2407149,7077792.29000000,898386234.68540000,0
2024-03-01,125.68,137.8,125.61,129.43,8376631.09,2024-03-01 23:59:59.999,1112504025.33270000,1579108,4210208.46000000,559323763.57170000,0
2024-03-02,129.43,131.69,127.2,130.02,4693251.94,2024-03-02 23:59:59.999,605833422.17760000,935924,2356730.62000000,304358057.60530000,0
2024-03-03,130.03,132.11,124.17,130.16,5228370.86,2024-03-03 23:59:59.999,674383368.58000000,957739,2544717.28000000,328461274.09880000,0
2024-03-04,130.16,134.95,127.35,133.27,8053684.79,2024-03-04 23:59:59.999,1054037091.22050000,1354011,3948899.12000000,517039170.49080000,0
2024-03-05,133.26,142.72,105.0,125.31,17035242.52,2024-03-05 23:59:59.999,2212988765.09510000,2728801,8429665.84000000,1097205367.63500000,0
2024-03-06,125.31,134.95,120.0,130.79,9581617.48,2024-03-06 23:59:59.999,1233993440.98010000,1528038,4775652.18000000,614998226.91460000,0
2024-03-07,130.8,149.3,130.52,143.82,10952975.3,2024-03-07 23:59:59.999,1553231320.47470000,1976430,5566167.33000000,789450717.16030000,0
2024-03-08,143.82,152.64,142.0,144.79,8096745.65,2024-03-08 23:59:59.999,1186459433.42290000,1440300,4090161.97000000,599571234.59920000,0
2024-03-09,144.79,149.15,143.54,144.29,3686876.81,2024-03-09 23:59:59.999,539026432.73400000,669430,1716521.03000000,250936918.21520000,0
2024-03-10,144.3,148.5,140.43,144.39,4489519.25,2024-03-10 23:59:59.999,651013489.98280000,754488,2233245.72000000,323813363.07120000,0
2024-03-11,144.39,150.2,136.49,148.83,7743384.35,2024-03-11 23:59:59.999,1126194337.66580000,1296958,3991337.90000000,580052514.55870000,0
2024-03-12,148.83,155.0,141.5,151.05,8930538.0,2024-03-12 23:59:59.999,1337735992.29900000,1590998,4504142.03000000,675063357.22200000,0
2024-03-13,151.06,166.73,148.71,163.9,7627285.95,2024-03-13 23:59:59.999,1188025236.90350000,1411841,3999753.37000000,623238834.95290000,0
2024-03-14,163.9,178.5,159.2,176.65,10423585.86,2024-03-14 23:59:59.999,1755161226.80100000,2198598,5336105.12000000,899064359.00120000,0
2024-03-15,176.65,188.98,164.5,183.95,17484961.6,2024-03-15 23:59:59.999,3111253071.41390000,3444279,8939610.38000000,1592456881.11840000,0
2024-03-16,183.95,197.95,176.78,182.05,13017058.01,2024-03-16 23:59:59.999,2445058679.46210000,2909824,6537189.17000000,1228557596.05520000,0
2024-03-17,182.05,205.2,178.55,201.86,10524537.06,2024-03-17 23:59:59.999,2004364577.51840000,2323291,5418701.75000000,1032568529.40450000,0
2024-03-18,201.85,210.18,193.8,195.92,11583736.08,2024-03-18 23:59:59.999,2344955653.17510000,2540129,5989733.78000000,1213321252.46850000,0
2024-03-19,195.92,198.68,166.0,169.82,16935298.87,2024-03-19 23:59:59.999,3057454424.49430000,3396222,8742850.22000000,1578045170.70160000,0
2024-03-20,169.82,193.19,162.45,191.77,12365784.68,2024-03-20 23:59:59.999,2168361320.83780000,2660068,6335224.11000000,1112457581.73370000,0
2024-03-21,191.76,195.68,175.84,179.46,8064316.56,2024-03-21 23:59:59.999,1503728905.92720000,1955883,4312582.73000000,804179185.20110000,0
2024-03-22,179.46,181.95,167.57,175.21,6152106.89,2024-03-22 23:59:59.999,1071851931.73560000,1468995,3026578.42000000,527565197.18860000,0
2024-03-23,175.21,179.0,170.38,172.65,3504716.61,2024-03-23 23:59:59.999,614080772.87990000,859128,1719499.98000000,301275268.49370000,0
2024-03-24,172.65,186.78,171.25,183.88,3578259.38,2024-03-24 23:59:59.999,633069986.07300000,800450,1818336.20000000,321879404.72430000,0
2024-03-25,183.87,194.6,180.92,188.99,5240091.85,2024-03-25 23:59:59.999,990571953.49720000,1122467,2696879.57000000,509958660.58560000,0
2024-03-26,188.98,196.57,186.0,190.46,4465611.36,2024-03-26 23:59:59.999,855869951.72650000,968440,2252721.60000000,431665419.85320000,0
2024-03-27,190.46,192.74,180.0,186.33,5173929.09,2024-03-27 23:59:59.999,963119325.23710000,1098295,2584253.69000000,481343670.65550000,0
2024-03-28,186.34,190.93,180.92,189.63,3602194.14,2024-03-28 23:59:59.999,670716258.48360000,749165,1821395.24000000,339252817.32510000,0
2024-03-29,189.64,193.0,183.39,192.01,3580115.76,2024-03-29 23:59:59.999,671638567.42550000,728399,1814537.13000000,340476294.67820000,0
2024-03-30,192.02,200.0,190.71,194.2,3491334.38,2024-03-30 23:59:59.999,684129474.87230000,758168,1781909.24000000,349261261.12770000,0
2024-03-31,194.19,203.17,193.69,202.45,2398135.45,2024-03-31 23:59:59.999,474008544.46400000,522989,1280799.57000000,253312915.56890000,0
2024-04-01,202.45,204.46,186.87,192.24,4599776.65,2024-04-01 23:59:59.999,898620905.57710000,932165,2229760.37000000,435786472.22720000,0
2024-04-02,192.24,192.24,175.92,181.53,5766777.4,2024-04-02 23:59:59.999,1054470061.65030000,1161554,2858035.42000000,522806902.28190000,0
2024-04-03,181.53,192.0,176.92,185.05,5010275.57,2024-04-03 23:59:59.999,936613348.87620000,961764,2602010.63000000,486706405.02150000,0
2024-04-04,185.05,190.13,180.02,184.0,3773747.36,2024-04-04 23:59:59.999,698792503.64500000,728988,1864336.22000000,345450109.29770000,0
2024-04-05,184.0,185.07,167.84,174.37,5000847.22,2024-04-05 23:59:59.999,873276254.34070000,1053497,2322875.18000000,405538380.78370000,0
2024-04-06,174.37,179.89,173.54,178.68,2641869.38,2024-04-06 23:59:59.999,467410701.06990000,494775,1312171.54000000,232181955.82900000,0
2024-04-07,178.69,182.71,176.85,179.52,2235798.23,2024-04-07 23:59:59.999,402864467.69640000,460972,1110615.15000000,200129225.38950000,0
2024-04-08,179.51,184.68,175.25,180.68,3690701.97,2024-04-08 23:59:59.999,666300708.13330000,659397,1913256.52000000,345486060.05180000,0
2024-04-09,180.68,180.9,169.11,172.42,3401885.89,2024-04-09 23:59:59.999,595711370.24350000,638002,1687302.84000000,295513183.13500000,0
2024-04-10,172.41,175.5,162.28,173.31,4653467.65,2024-04-10 23:59:59.999,789367464.63010000,790630,2339048.64000000,396781541.37500000,0
2024-04-11,173.3,176.32,170.07,172.37,3761197.49,2024-04-11 23:59:59.999,651891318.36900000,649962,1916366.13000000,332244692.36930000,0
2024-04-12,172.37,175.98,141.0,153.16,6842096.22,2024-04-12 23:59:59.999,1093302149.24220000,1252007,3237774.21000000,517878184.33420000,0
2024-04-13,153.16,155.0,116.0,138.47,15444420.06,2024-04-13 23:59:59.999,2156725925.99700000,2344436,7404595.98000000,1032814397.23600000,0
2024-04-14,138.47,152.84,130.45,151.25,12428370.68,2024-04-14 23:59:59.999,1742133326.17800000,1910814,6267060.95000000,879301806.75970000,0
2024-04-15,151.26,156.06,133.56,138.51,9332424.74,2024-04-15 23:59:59.999,1359049188.77210000,1498623,4707825.45000000,686125031.90200000,0
2024-04-16,138.51,140.57,126.4,136.22,9794711.9,2024-04-16 23:59:59.999,1308017674.43110000,1530833,5036788.01000000,673071551.41380000,0
2024-04-17,136.21,142.77,126.87,131.84,9559485.27,2024-04-17 23:59:59.999,1287664513.08000000,1498645,4804193.51000000,647502610.86850000,0
2024-04-18,131.84,144.25,127.62,142.07,7805067.82,2024-04-18 23:59:59.999,1057713479.81530000,1213277,3940768.89000000,534497873.86310000,0
2024-04-19,142.08,147.49,128.5,142.5,11145361.53,2024-04-19 23:59:59.999,1564359376.95300000,1717920,5553882.00000000,779761189.24500000,0
2024-04-20,142.5,152.39,139.66,151.22,4855973.67,2024-04-20 23:59:59.999,705680673.94510000,796179,2482978.78000000,361525875.71620000,0
2024-04-21,151.21,153.5,146.68,148.8,3646801.53,2024-04-21 23:59:59.999,546975842.84480000,600110,1849078.61000000,277505219.99980000,0
2024-04-22,148.81,158.5,146.63,156.95,4967360.16,2024-04-22 23:59:59.999,760453706.31630000,804446,2538192.64000000,388603965.85410000,0
2024-04-23,156.94,160.0,153.04,154.75,4102272.11,2024-04-23 23:59:59.999,641853097.13330000,683700,1995499.95000000,312299705.27660000,0
2024-04-24,154.75,159.8,145.58,147.78,6491963.0,2024-04-24 23:59:59.999,1000742354.25040000,1056785,3201516.61000000,493661732.58850000,0
2024-04-25,147.79,149.6,142.09,144.84,5417465.27,2024-04-25 23:59:59.999,792818208.05240000,783470,2725440.80000000,399157214.56900000,0
2024-04-26,144.83,146.19,138.74,139.23,3749353.51,2024-04-26 23:59:59.999,536537208.98170000,616776,1873287.46000000,268157359.44080000,0
2024-04-27,139.23,143.04,132.88,141.31,3821061.91,2024-04-27 23:59:59.999,527111064.54100000,569425,1941664.04000000,268043582.01900000,0
2024-04-28,141.31,144.82,137.03,137.99,2951913.56,2024-04-28 23:59:59.999,420263449.81820000,438504,1514437.30000000,215712798.49270000,0
2024-04-29,137.99,138.93,133.38,137.77,4267883.497,2024-04-29 23:59:59.999,578946009.02877000,616036,2127631.41500000,288669890.40778000,0
2024-04-30,137.79,139.77,121.21,126.77,6026555.488,2024-04-30 23:59:59.999,780739771.36254000,989314,2987508.79700000,386735089.12854000,0
2024-05-01,126.76,135.97,118.47,134.64,7991325.271,2024-05-01 23:59:59.999,1008351786.04678000,1235535,3938878.19200000,497179952.79072000,0
2024-05-02,134.64,140.9,128.19,137.58,5743465.621,2024-05-02 23:59:59.999,775239966.24235000,881829,2943514.87500000,397167316.91660000,0
2024-05-03,137.58,145.0,135.88,143.69,4524855.556,2024-05-03 23:59:59.999,636701248.97452000,758139,2366846.22200000,333289355.47610000,0
2024-05-04,143.7,149.14,142.22,146.05,2808003.24,2024-05-04 23:59:59.999,409395252.13994000,500318,1391174.62900000,202858273.57945000,0
2024-05-05,146.05,148.0,143.1,145.73,2131850.263,2024-05-05 23:59:59.999,310504070.39615000,396560,1071042.34900000,156017239.58385000,0
2024-05-06,145.74,156.89,145.4,152.82,4787441.567,2024-05-06 23:59:59.999,729944626.53061000,854076,2483641.38600000,378747053.97158000,0
2024-05-07,152.81,159.19,147.76,148.03,4486379.596,2024-05-07 23:59:59.999,692683918.35024000,792273,2168235.51600000,334963759.90497000,0
2024-05-08,148.03,152.0,140.0,142.18,4533265.341,2024-05-08 23:59:59.999,661888498.59383000,756740,2235967.24500000,326687343.96879000,0
2024-05-09,142.17,153.39,140.61,152.57,3912139.908,2024-05-09 23:59:59.999,571152033.41234000,692980,2021207.01800000,295348770.47660000,0
2024-05-10,152.56,155.75,144.49,146.01,4124775.208,2024-05-10 23:59:59.999,618548257.76221000,802880,2015043.15900000,302574173.47716000,0
2024-05-11,146.02,147.7,143.12,145.42,2017032.814,2024-05-11 23:59:59.999,292868240.91002000,401566,978475.25700000,142069060.09327000,0
2024-05-12,145.42,147.8,142.5,143.43,1422547.627,2024-05-12 23:59:59.999,206518187.54230000,309808,701712.34700000,101909366.36553000,0
2024-05-13,143.42,150.88,137.78,147.54,4407929.923,2024-05-13 23:59:59.999,636617019.96036000,766364,2207828.06500000,319261761.61100000,0
2024-05-14,147.53,149.09,141.82,142.03,3389933.371,2024-05-14 23:59:59.999,491650914.90056000,573013,1661272.78300000,240956768.40404000,0
2024-05-15,142.03,158.88,141.21,158.52,4885274.203,2024-05-15 23:59:59.999,734214270.26841000,749405,2621799.98400000,394299721.32109000,0
2024-05-16,158.52,164.79,156.46,159.37,4200112.765,2024-05-16 23:59:59.999,675510074.16727000,763259,2104140.95100000,338488293.36262000,0
2024-05-17,159.36,174.0,159.32,169.44,4097186.841,2024-05-17 23:59:59.999,682669638.66178000,728905,2174941.22900000,362595129.48387000,0
2024-05-18,169.43,176.06,168.65,172.4,2874473.997,2024-05-18 23:59:59.999,496940232.56438000,577304,1439363.47300000,248933881.95271000,0
2024-05-19,172.4,175.5,165.96,169.93,2696984.074,2024-05-19 23:59:59.999,460508285.32582000,502213,1366743.73400000,233400153.02211000,0
2024-05-20,169.93,188.32,167.47,186.7,5690568.998,2024-05-20 23:59:59.999,1022051849.66920000,1057452,2986607.02000000,536993614.54321000,0
2024-05-21,186.69,188.89,174.37,178.15,4727780.064,2024-05-21 23:59:59.999,854999395.09577000,877587,2268072.49200000,409997168.25251000,0
2024-05-22,178.15,185.0,174.96,176.95,4272900.127,2024-05-22 23:59:59.999,766148690.37294000,850875,2219424.67100000,398102279.96942000,0
2024-05-23,176.96,181.04,165.35,176.16,5598921.63,2024-05-23 23:59:59.999,977277434.41105000,1037830,2906972.60600000,507396382.66246000,0
2024-05-24,176.15,176.15,162.5,167.7,4819660.642,2024-05-24 23:59:59.999,810028558.31071000,856617,2592690.35600000,436172660.90261000,0
2024-05-25,167.7,170.55,165.9,168.35,1911443.135,2024-05-25 23:59:59.999,321691312.78369000,405433,913344.72000000,153729295.90633000,0
2024-05-26,168.35,168.4,161.0,163.41,3126117.989,2024-05-26 23:59:59.999,512894771.41766000,537560,1562641.60000000,256365632.27850000,0
2024-05-27,163.42,172.28,163.26,170.15,3260017.055,2024-05-27 23:59:59.999,547344142.94860000,591480,1688224.02500000,283304224.83869000,0
2024-05-28,170.15,173.24,164.92,168.68,3779251.343,2024-05-28 23:59:59.999,637522900.01295000,714064,1882025.78100000,317686800.53986000,0
2024-05-29,168.68,173.93,167.0,168.32,2946277.294,2024-05-29 23:59:59.999,500443628.71600000,607907,1436219.21300000,244129340.62543000,0
2024-05-30,168.32,173.0,163.55,166.88,3307767.047,2024-05-30 23:59:59.999,555770168.75021000,592495,1611989.88400000,271024192.23503000,0
2024-05-31,166.88,170.94,163.67,165.65,2592736.388,2024-05-31 23:59:59.999,432816352.94655000,476139,1258131.12000000,210094424.84781000,0
2024-06-01,165.65,167.95,165.64,166.14,1070498.928,2024-06-01 23:59:59.999,178824432.11781000,214954,511531.91600000,85454713.62660000,0
2024-06-02,166.14,167.1,161.32,163.15,1669577.986,2024-06-02 23:59:59.999,274722936.49486000,308808,853472.81800000,140434680.34189000,0
2024-06-03,163.14,167.21,161.79,164.89,2378016.532,2024-06-03 23:59:59.999,392561788.00562000,409680,1220237.42900000,201507197.73255000,0
2024-06-04,164.9,171.87,164.31,171.78,2124954.015,2024-06-04 23:59:59.999,356126382.83239000,384488,1139887.83600000,191094484.82293000,0
2024-06-05,171.78,175.6,170.0,173.54,2560223.589,2024-06-05 23:59:59.999,443704811.36120000,435543,1255151.76600000,217608237.78634000,0
2024-06-06,173.55,174.4,167.51,170.15,2116238.234,2024-06-06 23:59:59.999,363765530.70853000,360006,1034609.04000000,177964987.11729000,0
2024-06-07,170.15,172.85,152.92,162.5,3538852.091,2024-06-07 23:59:59.999,584574048.04206000,665965,1649973.73500000,272718584.42987000,0
2024-06-08,162.51,163.78,157.37,157.83,1789882.65,2024-06-08 23:59:59.999,287653524.77527000,338015,848013.14500000,136307543.21986000,0
2024-06-09,157.83,163.04,156.52,162.12,1444905.0,2024-06-09 23:59:59.999,231109362.89601000,268602,722609.29500000,115568027.13828000,0
2024-06-10,162.12,163.18,157.46,159.05,1760276.954,2024-06-10 23:59:59.999,281863612.18113000,349749,879124.82200000,140739984.30796000,0
2024-06-11,159.04,159.75,145.2,149.31,3646582.777,2024-06-11 23:59:59.999,554100633.37648000,736163,1724844.87800000,262110280.77715000,0
2024-06-12,149.31,161.84,145.44,155.22,3851856.394,2024-06-12 23:59:59.999,598161585.14139000,801266,1934368.62900000,300519079.06842000,0
2024-06-13,155.21,155.21,146.03,147.29,2573289.111,2024-06-13 23:59:59.999,385605225.31535000,552143,1231600.98500000,184543542.52355000,0
2024-06-14,147.29,149.0,139.67,143.05,3183461.493,2024-06-14 23:59:59.999,460357684.10748000,606662,1561425.61300000,225955519.82799000,0
2024-06-15,143.04,145.78,142.92,145.52,1346924.922,2024-06-15 23:59:59.999,194646238.58695000,304623,697042.50600000,100741361.78585000,0
2024-06-16,145.52,151.35,143.08,151.3,1405879.427,2024-06-16 23:59:59.999,206570978.08947000,299425,732084.22600000,107640393.52705000,0
2024-06-17,151.3,151.79,139.85,143.27,3412959.812,2024-06-17 23:59:59.999,494336447.73763000,637261,1676851.33900000,242735749.83915000,0
2024-06-18,143.28,143.82,127.95,137.41,6557976.71,2024-06-18 23:59:59.999,888291180.97423000,1134962,3200591.39600000,433492635.76737000,0
2024-06-19,137.41,141.9,134.47,135.62,3536777.468,2024-06-19 23:59:59.999,488039592.77287000,614546,1772962.62500000,244574480.44278000,0
2024-06-20,135.62,141.29,131.9,133.55,3507680.508,2024-06-20 23:59:59.999,475840535.65983000,659932,1751535.47400000,237617240.99995000,0
2024-06-21,133.55,135.38,128.76,134.6,3230074.027,2024-06-21 23:59:59.999,426673566.80230000,631539,1664726.75500000,219970218.34920000,0
2024-06-22,134.61,136.74,133.0,133.69,1399215.891,2024-06-22 23:59:59.999,188365519.28270000,334153,658312.92800000,88649791.60643000,0
2024-06-23,133.7,135.09,128.22,128.69,1492401.231,2024-06-23 23:59:59.999,197001384.22396000,361092,721333.09600000,95160612.41686000,0
2024-06-24,128.68,132.66,122.0,132.33,5583497.777,2024-06-24 23:59:59.999,709427098.28488000,1013696,2739795.01600000,348243335.54148000,0
2024-06-25,132.34,139.9,131.2,136.58,3963661.704,2024-06-25 23:59:59.999,541175887.65102000,777729,1958903.11600000,267394209.33806000,0
2024-06-26,136.57,140.41,134.85,136.81,2503428.066,2024-06-26 23:59:59.999,343612682.12807000,454579,1272673.32400000,174703489.18568000,0
2024-06-27,136.81,151.21,135.2,149.71,4450967.436,2024-06-27 23:59:59.999,646251166.23058000,762694,2301440.91600000,334049218.75222000,0
2024-06-28,149.71,150.84,139.01,140.03,3339031.267,2024-06-28 23:59:59.999,481073901.27222000,646751,1615427.12400000,232727750.04398000,0
2024-06-29,140.03,143.26,139.67,140.28,1468985.543,2024-06-29 23:59:59.999,208157309.84296000,286106,787515.28800000,111612957.32782000,0
2024-06-30,140.28,147.62,137.09,146.61,2086670.189,2024-06-30 23:59:59.999,296853184.38976000,461577,1062413.23600000,151185138.33404000,0
2024-07-01,146.61,149.36,145.87,146.67,2280252.836,2024-07-01 23:59:59.999,336552447.23335000,506412,1159803.68700000,171193138.21093000,0
2024-07-02,146.68,155.0,146.14,154.03,2776061.292,2024-07-02 23:59:59.999,417015417.22148000,650428,1426510.32600000,214261465.25519000,0
2024-07-03,154.03,154.5,139.01,140.84,4189341.933,2024-07-03 23:59:59.999,607418245.77144000,942154,2064604.33900000,298831050.25893000,0
2024-07-04,140.84,142.75,127.2,127.86,5230812.158,2024-07-04 23:59:59.999,702763141.49909000,1340234,2592441.16600000,348467920.92445000,0
2024-07-05,127.85,136.58,121.0,134.32,7669471.231,2024-07-05 23:59:59.999,983389317.89722000,1888690,3698006.23900000,474757729.14043000,0
2024-07-06,134.32,144.35,132.33,143.05,2873919.136,2024-07-06 23:59:59.999,398979042.90841000,809402,1392969.49600000,193709015.08626000,0
2024-07-07,143.05,143.33,131.23,131.64,2590805.369,2024-07-07 23:59:59.999,357932288.79140000,824773,1286895.53200000,177852756.23076000,0
2024-07-08,131.64,142.0,127.77,139.81,5708358.008,2024-07-08 23:59:59.999,778233609.89992000,1758085,2931965.25800000,400251614.89999000,0
2024-07-09,139.81,144.33,136.45,141.42,3363673.606,2024-07-09 23:59:59.999,474835006.13947000,933893,1693600.92200000,239142540.06069000,0
2024-07-10,141.43,146.2,138.6,141.98,2700825.893,2024-07-10 23:59:59.999,384433518.86052000,768227,1399114.63300000,199167070.10794000,0
2024-07-11,141.99,146.1,135.64,135.73,3363094.13,2024-07-11 23:59:59.999,472185792.21612000,946184,1661832.41900000,233471098.99574000,0
2024-07-12,135.73,140.55,133.92,139.46,2929528.431,2024-07-12 23:59:59.999,400570824.13592000,829615,1462385.39200000,200090907.47269000,0
2024-07-13,139.47,143.6,137.94,141.9,1357177.621,2024-07-13 23:59:59.999,190214241.69670000,448463,688086.79400000,96464182.91858000,0
2024-07-14,141.89,148.56,141.87,147.66,2997466.757,2024-07-14 23:59:59.999,435942051.37289000,768260,1481507.14000000,215481403.51509000,0
2024-07-15,147.66,159.95,147.0,159.38,3428848.522,2024-07-15 23:59:59.999,526088294.36737000,1139996,1767224.79900000,271286005.78487000,0
2024-07-16,159.37,162.49,152.57,160.62,3988105.454,2024-07-16 23:59:59.999,629159430.00225000,1421402,1950385.55100000,307883983.61939000,0
2024-07-17,160.62,163.8,154.68,155.5,2840583.09,2024-07-17 23:59:59.999,453684708.72590000,971401,1375671.25700000,219932578.33936000,0
2024-07-18,155.5,161.6,155.07,159.22,2584704.124,2024-07-18 23:59:59.999,409279722.45088000,901379,1275987.18200000,202104612.09613000,0
2024-07-19,159.22,172.42,156.07,169.13,4685513.24,2024-07-19 23:59:59.999,774783060.77819000,1483093,2333396.45200000,385958237.17017000,0
2024-07-20,169.12,175.1,167.27,173.6,2047796.046,2024-07-20 23:59:59.999,350329363.85493000,702512,1030797.93500000,176491052.03319000,0
2024-07-21,173.6,185.17,170.27,184.49,3684536.411,2024-07-21 23:59:59.999,651749302.14181000,1188870,1821412.98800000,322196929.04962000,0
2024-07-22,184.49,185.0,176.71,178.9,3345609.525,2024-07-22 23:59:59.999,602525041.98770000,1095481,1538093.13200000,277052151.13109000,0
2024-07-23,178.9,180.54,169.72,173.03,3895827.332,2024-07-23 23:59:59.999,682470078.60841000,1371959,1826854.30100000,320266448.46875000,0
2024-07-24,173.03,182.5,170.9,178.06,3845177.713,2024-07-24 23:59:59.999,682705655.25175000,1269686,1978311.03800000,351416013.81192000,0
2024-07-25,178.07,179.59,165.42,171.85,4859387.428,2024-07-25 23:59:59.999,829732654.80752000,1699682,2349892.72300000,401482626.58640000,0
2024-07-26,171.86,185.01,171.69,183.06,3030603.246,2024-07-26 23:59:59.999,541455609.23512000,1012900,1570554.99700000,280762432.24428000,0
2024-07-27,183.07,188.33,178.11,183.92,3518852.056,2024-07-27 23:59:59.999,647090166.85253000,1221390,1755496.70200000,323037526.69142000,0
2024-07-28,183.92,186.77,181.16,184.9,1901473.957,2024-07-28 23:59:59.999,350662180.92843000,748871,931213.73900000,171817362.28968000,0
2024-07-29,184.91,193.98,181.57,182.57,4024560.314,2024-07-29 23:59:59.999,759977442.45996000,1320755,1967220.54700000,371828230.26427000,0
2024-07-30,182.57,184.95,175.39,179.16,3074498.493,2024-07-30 23:59:59.999,555301399.55814000,1162904,1430908.82300000,258553838.21855000,0
2024-07-31,179.16,185.1,171.61,171.71,3250862.527,2024-07-31 23:59:59.999,582939536.24755000,1245080,1612652.29600000,289616268.19583000,0
2024-08-01,171.7,172.91,157.91,167.37,5523497.615,2024-08-01 23:59:59.999,917091024.19327000,1849971,2587951.66400000,429763487.34234000,0
2024-08-02,167.37,169.43,150.0,152.77,5553017.934,2024-08-02 23:59:59.999,880989082.65712000,2396392,2668247.08700000,423266423.16637000,0
2024-08-03,152.78,154.05,140.0,142.52,5444954.693,2024-08-03 23:59:59.999,803132863.99150000,1940755,2781021.19000000,410572234.55089000,0
2024-08-04,142.53,146.08,131.22,138.33,7037715.285,2024-08-04 23:59:59.999,979026258.03256000,2391187,3596283.93900000,500464079.96059000,0
2024-08-05,138.32,139.37,110.0,129.78,24267557.819,2024-08-05 23:59:59.999,3003271600.88404000,7092579,11769163.38100000,1457361212.77672000,0
2024-08-06,129.79,149.59,129.4,144.4,8362643.634,2024-08-06 23:59:59.999,1184669504.90055000,3567599,4250033.72100000,601986157.72905000,0
2024-08-07,144.4,155.0,142.21,144.77,8372307.587,2024-08-07 23:59:59.999,1249654524.57670000,3639741,4172450.53800000,622749862.20457000,0
2024-08-08,144.78,163.7,141.4,163.13,7303133.96,2024-08-08 23:59:59.999,1137205545.63164000,3235989,3683640.98800000,573962877.68697000,0
2024-08-09,163.12,163.54,150.72,156.28,4098735.233,2024-08-09 23:59:59.999,639908115.46544000,1938541,2043792.16100000,319106023.63816000,0
2024-08-10,156.29,158.75,152.54,154.01,1885839.233,2024-08-10 23:59:59.999,291664636.47097000,1077252,942708.49400000,145823311.91221000,0
2024-08-11,154.01,158.0,141.2,141.57,3468314.255,2024-08-11 23:59:59.999,517779240.96725000,1395573,1610587.18000000,240857557.11696000,0
2024-08-12,141.56,150.79,141.2,146.29,4946945.239,2024-08-12 23:59:59.999,721770026.12754000,1945549,2479169.02700000,361709645.50697000,0
2024-08-13,146.29,149.82,142.92,146.65,2865655.423,2024-08-13 23:59:59.999,418947930.81089000,1243626,1444602.52300000,211242044.26493000,0
2024-08-14,146.65,152.18,142.36,143.71,3927148.647,2024-08-14 23:59:59.999,575678706.56274000,1172123,1922550.91500000,281924516.04145000,0
2024-08-15,143.7,147.64,137.78,142.58,4229038.816,2024-08-15 23:59:59.999,603098548.31330000,1687515,2061374.48700000,294187642.34294000,0
2024-08-16,142.58,144.88,136.1,139.04,4035320.605,2024-08-16 23:59:59.999,567440808.99247000,1602737,1916579.92900000,269787025.47699000,0
2024-08-17,139.04,141.99,137.61,141.93,1561594.103,2024-08-17 23:59:59.999,218485355.29024000,647642,801082.31900000,112103784.00412000,0
2024-08-18,141.92,147.31,140.56,142.42,2352046.743,2024-08-18 23:59:59.999,339317046.09327000,908299,1147600.17200000,165548842.15258000,0
2024-08-19,142.42,146.19,140.33,144.29,2940357.953,2024-08-19 23:59:59.999,420454387.86405000,1271189,1438681.93000000,205787278.08241000,0
2024-08-20,144.28,148.83,141.0,142.27,3021467.596,2024-08-20 23:59:59.999,437968467.22535000,1009714,1488012.26600000,215808693.97621000,0
2024-08-21,142.27,144.42,138.7,142.79,2519581.859,2024-08-21 23:59:59.999,357577461.78616000,1129613,1184233.12000000,168105801.40856000,0
2024-08-22,142.78,144.88,140.63,143.22,1825402.718,2024-08-22 23:59:59.999,260990437.28999000,1002758,888734.23800000,127103651.61771000,0
2024-08-23,143.23,154.08,142.68,153.26,3781090.162,2024-08-23 23:59:59.999,557770796.32283000,1357176,1977973.72700000,292299196.71055000,0
2024-08-24,153.27,162.3,151.97,160.67,3739086.949,2024-08-24 23:59:59.999,588656966.40684000,1734854,1971467.95100000,310322997.83350000,0
2024-08-25,160.67,162.0,155.25,158.92,2629083.703,2024-08-25 23:59:59.999,416869258.12242000,1494935,1271737.40300000,201784492.98367000,0
2024-08-26,158.92,162.0,155.53,157.12,3318398.041,2024-08-26 23:59:59.999,526697469.93657000,1884429,1603779.67300000,254661633.49625000,0
2024-08-27,157.12,159.69,145.03,146.79,3650375.766,2024-08-27 23:59:59.999,559434487.43673000,1731229,1723418.51500000,264221063.85309000,0
2024-08-28,146.78,149.3,140.53,143.95,4270867.034,2024-08-28 23:59:59.999,619453816.72578000,2176364,2032785.14300000,294900081.05389000,0
2024-08-29,143.96,147.36,138.05,140.0,2921816.829,2024-08-29 23:59:59.999,418889238.56372000,1240221,1441749.65900000,206808957.16436000,0
2024-08-30,140.01,141.11,132.04,137.99,4038797.169,2024-08-30 23:59:59.999,552772623.16571000,1698401,1959794.05700000,268203728.87617000,0
2024-08-31,137.99,139.23,134.49,135.35,1230210.745,2024-08-31 23:59:59.999,168333087.14831000,591531,621349.30000000,85020899.85194000,0
2024-09-01,135.35,136.15,127.66,128.5,2928444.741,2024-09-01 23:59:59.999,386814972.37561000,1198069,1436426.03400000,189835665.89066000,0
2024-09-02,128.5,135.39,126.8,134.94,3146315.554,2024-09-02 23:59:59.999,411715340.55512000,1260396,1605285.88900000,210238483.88918000,0
2024-09-03,134.95,138.13,127.15,127.54,2627381.925,2024-09-03 23:59:59.999,347419442.89269000,1240227,1230668.39700000,162991522.26287000,0
2024-09-04,127.54,134.98,122.6,133.64,3814059.109,2024-09-04 23:59:59.999,493863453.34695000,1556072,1890100.39800000,244864196.75787000,0
2024-09-05,133.64,135.58,127.85,129.41,2762037.052,2024-09-05 23:59:59.999,363814655.91648000,1232457,1307987.44600000,172461704.34368000,0
2024-09-06,129.4,134.29,120.0,125.05,5494252.37,2024-09-06 23:59:59.999,698281647.27321000,2536448,2519638.50600000,320867284.52729000,0
2024-09-07,125.05,129.5,124.13,127.71,2111596.965,2024-09-07 23:59:59.999,268366867.55258000,805061,1091453.98100000,138736597.07503000,0
2024-09-08,127.72,131.7,126.61,130.15,1971919.866,2024-09-08 23:59:59.999,254464239.08089000,796387,982486.20300000,126782487.44089000,0
2024-09-09,130.15,137.09,126.96,135.08,3664956.878,2024-09-09 23:59:59.999,481085523.61761000,1522972,1858724.77700000,244054073.41437000,0
2024-09-10,135.07,138.0,132.5,135.63,2305171.22,2024-09-10 23:59:59.999,311229293.36815000,1208968,1132208.12000000,152941068.93519000,0
2024-09-11,135.64,135.91,128.2,132.42,3139383.418,2024-09-11 23:59:59.999,414398406.21866000,1674623,1554049.88700000,205191668.88021000,0
2024-09-12,132.43,136.78,132.38,136.05,2273359.309,2024-09-12 23:59:59.999,306779738.70621000,1205435,1167799.11000000,157598837.30642000,0
2024-09-13,136.06,139.8,131.7,139.02,2714532.025,2024-09-13 23:59:59.999,368359528.65679000,1086185,1342386.41500000,182300965.16705000,0
2024-09-14,139.02,139.8,135.6,137.14,1396833.298,2024-09-14 23:59:59.999,192268912.45152000,573529,689635.34600000,94934406.88072000,0
2024-09-15,137.15,137.95,130.43,131.37,1850456.74,2024-09-15 23:59:59.999,248848021.94444000,769118,858817.80600000,115525231.49275000,0
2024-09-16,131.38,132.4,128.91,131.47,2136388.305,2024-09-16 23:59:59.999,279606319.67364000,1104570,1010353.69800000,132262932.41339000,0
2024-09-17,131.47,135.55,130.12,131.54,2339845.911,2024-09-17 23:59:59.999,310574750.11516000,1168533,1147980.27000000,152406474.93575000,0
2024-09-18,131.54,134.45,127.07,134.34,3309787.258,2024-09-18 23:59:59.999,430929910.80921000,1494231,1712975.47800000,223099732.05720000,0
2024-09-19,134.34,144.04,134.27,142.89,4130435.35,2024-09-19 23:59:59.999,577699422.06203000,1537605,2124830.12300000,297081703.04948000,0
2024-09-20,142.88,152.5,141.18,146.66,4488100.615,2024-09-20 23:59:59.999,664077947.16975000,1794412,2179104.30000000,322332048.19212000,0
2024-09-21,146.67,150.25,144.61,149.41,1916733.216,2024-09-21 23:59:59.999,282626113.20776000,706885,962477.35700000,142042353.76207000,0
2024-09-22,149.42,149.92,141.12,144.63,2165962.888,2024-09-22 23:59:59.999,314113730.48354000,885013,1090232.09700000,158137538.71170000,0
2024-09-23,144.64,149.07,142.13,144.79,3226373.773,2024-09-23 23:59:59.999,467054364.81911000,1211468,1598540.36300000,231508659.53893000,0
2024-09-24,144.79,154.0,143.09,152.73,4015502.931,2024-09-24 23:59:59.999,592206584.36052000,1369350,2040122.24800000,301146420.67117000,0
2024-09-25,152.74,153.93,147.28,147.98,2728253.346,2024-09-25 23:59:59.999,411459401.65579000,1011746,1279496.18600000,193068253.86161000,0
2024-09-26,147.97,158.05,146.57,155.55,4251220.763,2024-09-26 23:59:59.999,653415043.08504000,1235687,2135764.30500000,328183895.68754000,0
2024-09-27,155.54,161.43,153.89,157.64,3725660.998,2024-09-27 23:59:59.999,588310567.93940000,1260105,1935507.02500000,305737341.71110000,0
2024-09-28,157.63,159.43,155.0,156.75,1580834.341,2024-09-28 23:59:59.999,248277861.32032000,704766,772024.71800000,121279172.40944000,0
2024-09-29,156.75,161.78,155.09,158.46,2350658.476,2024-09-29 23:59:59.999,371044350.37015000,1021753,1216206.76100000,192036083.02901000,0
2024-09-30,158.47,159.77,151.73,152.49,3240682.206,2024-09-30 23:59:59.999,505193825.22015000,1706379,1548914.76100000,241513856.92209000,0
2024-10-01,152.51,157.34,142.29,145.13,4991241.419,2024-10-01 23:59:59.999,745512858.98242000,2123355,2320601.49200000,346606479.09385000,0
2024-10-02,145.12,148.96,138.61,140.18,3817606.119,2024-10-02 23:59:59.999,550570685.31102000,2440923,1891713.61300000,272948416.93148000,0
2024-10-03,140.18,142.96,133.11,136.82,3742347.845,2024-10-03 23:59:59.999,514812941.95153000,2544894,1896545.96400000,261033915.44812000,0
2024-10-04,136.81,144.55,135.95,143.24,3120151.953,2024-10-04 23:59:59.999,439091983.66735000,1282445,1658618.52200000,233395715.99779000,0
2024-10-05,143.24,144.93,141.06,142.59,1475217.816,2024-10-05 23:59:59.999,211080413.77507000,714484,724365.73700000,103688789.39981000,0
2024-10-06,142.59,146.75,142.0,146.48,1409071.4,2024-10-06 23:59:59.999,203954747.24911000,763554,712534.23300000,103158289.34271000,0
2024-10-07,146.47,152.4,143.5,143.96,3607754.951,2024-10-07 23:59:59.999,535056906.39550000,1768564,1708409.40000000,253495941.81261000,0
2024-10-08,143.97,145.6,141.17,143.49,2153828.153,2024-10-08 23:59:59.999,309326890.82457000,1304792,1054118.66100000,151478839.87931000,0
2024-10-09,143.5,145.34,138.66,139.33,2071518.061,2024-10-09 23:59:59.999,293977143.09486000,1265373,995996.97400000,141416184.88204000,0
2024-10-10,139.33,140.92,135.52,139.03,2289782.907,2024-10-10 23:59:59.999,316766669.27985000,1253504,1120811.69900000,155118449.18574000,0
2024-10-11,139.04,146.62,138.68,145.53,2269088.918,2024-10-11 23:59:59.999,325024798.54017000,1028243,1162229.43800000,166462830.76476000,0
2024-10-12,145.52,147.32,144.71,146.4,1347679.548,2024-10-12 23:59:59.999,197164215.71221000,587595,658168.57300000,96316133.82197000,0
2024-10-13,146.39,148.86,144.45,147.74,1599054.833,2024-10-13 23:59:59.999,234391884.38395000,827089,804325.38000000,117966402.94362000,0
2024-10-14,147.74,158.1,146.8,157.59,3987055.145,2024-10-14 23:59:59.999,612698964.45627000,1744075,2100064.66200000,322742334.57426000,0
2024-10-15,157.59,159.73,150.3,154.76,4480025.111,2024-10-15 23:59:59.999,692975854.02436000,2210459,2204035.09500000,341126355.91480000,0
2024-10-16,154.76,158.41,153.0,154.28,2851816.35,2024-10-16 23:59:59.999,442239613.53750000,1710126,1391657.72900000,215888704.76498000,0
2024-10-17,154.28,155.73,147.66,150.5,2664809.948,2024-10-17 23:59:59.999,404740607.93776000,1329012,1303117.08000000,197909054.66135000,0
2024-10-18,150.5,156.65,149.56,154.94,1829394.118,2024-10-18 23:59:59.999,281306391.09424000,1063679,943353.13400000,145077143.72601000,0
2024-10-19,154.93,159.85,153.45,159.79,1724504.166,2024-10-19 23:59:59.999,269205539.47737000,678270,886922.62400000,138501608.52301000,0
2024-10-20,159.79,167.94,157.58,167.4,3094698.825,2024-10-20 23:59:59.999,499091756.88122000,1326223,1622031.67600000,261873779.14963000,0
2024-10-21,167.4,171.76,160.99,166.17,4807758.742,2024-10-21 23:59:59.999,802248688.37832000,2074468,2411048.60400000,402494472.33500000,0
2024-10-22,166.16,170.99,162.99,167.59,4115685.502,2024-10-22 23:59:59.999,688160680.55922000,1526765,2110350.66200000,352957914.86517000,0
2024-10-23,167.6,174.3,164.13,170.85,4509792.292,2024-10-23 23:59:59.999,757152123.98221000,2198916,2295806.78900000,385823153.59896000,0
2024-10-24,170.86,179.3,170.5,177.19,3893052.12,2024-10-24 23:59:59.999,680676981.90358000,1905295,2088151.85400000,365234274.52438000,0
2024-10-25,177.19,177.6,159.12,164.9,5718307.066,2024-10-25 23:59:59.999,975203392.12616000,2802265,2655827.20900000,453382227.37534000,0
2024-10-26,164.91,173.25,162.43,170.88,3010702.796,2024-10-26 23:59:59.999,505678400.81293000,1497920,1642701.61900000,276044366.21096000,0
2024-10-27,170.87,178.27,170.26,176.63,2606131.771,2024-10-27 23:59:59.999,456430957.53051000,1472999,1361175.88800000,238376056.55902000,0
2024-10-28,176.63,179.8,172.45,178.29,3877330.221,2024-10-28 23:59:59.999,682720697.43000000,2015079,1912481.68800000,336903342.37208000,0
2024-10-29,178.28,183.38,176.41,179.42,4046109.939,2024-10-29 23:59:59.999,729686178.77882000,2186480,2112665.61000000,381174432.25332000,0
2024-10-30,179.43,181.36,173.01,174.87,2893112.751,2024-10-30 23:59:59.999,510367902.92025000,1693721,1334986.16900000,235674260.08567000,0
2024-10-31,174.87,176.56,167.56,168.69,2661529.298,2024-10-31 23:59:59.999,458128321.23974000,1555163,1237625.20400000,213029931.42414000,0
2024-11-01,168.69,174.0,163.43,166.1,3325662.447,2024-11-01 23:59:59.999,557854086.52407000,2057625,1640877.84000000,275304311.27734000,0
2024-11-02,166.11,168.61,162.11,166.17,1603273.603,2024-11-02 23:59:59.999,264909940.27946000,985042,756762.30500000,125181814.03891000,0
2024-11-03,166.16,166.61,157.82,162.53,2745309.829,2024-11-03 23:59:59.999,443630725.97122000,1259979,1290394.65000000,208509927.88514000,0
2024-11-04,162.52,165.04,155.11,157.95,3019251.325,2024-11-04 23:59:59.999,486901138.20844000,1767941,1384419.97200000,223155139.74783000,0
2024-11-05,157.95,169.3,156.86,166.62,3438156.871,2024-11-05 23:59:59.999,563101491.34140000,1606290,1769456.36400000,289945539.78902000,0
2024-11-06,166.63,190.01,166.4,186.59,10385235.992,2024-11-06 23:59:59.999,1909187913.25849000,3093254,5386859.67000000,990267376.12406000,0
2024-11-07,186.59,197.84,185.84,196.35,4210329.82,2024-11-07 23:59:59.999,805298768.52591000,2196009,2119936.26600000,405573003.77894000,0
2024-11-08,196.36,205.0,195.64,199.85,5129244.188,2024-11-08 23:59:59.999,1026696176.73963000,2638632,2660771.09300000,532771925.17719000,0
2024-11-09,199.86,203.45,194.86,199.89,2833304.996,2024-11-09 23:59:59.999,565544974.68205000,1495027,1380679.20600000,275722585.34756000,0
2024-11-10,199.89,215.27,198.68,210.07,7968628.23,2024-11-10 23:59:59.999,1650287820.01631000,3972272,4075874.41200000,844256110.34780000,0
2024-11-11,210.07,224.0,204.16,222.13,8935306.968,2024-11-11 23:59:59.999,1923338631.62358000,4568795,4678282.53200000,1006642368.10271000,0
2024-11-12,222.12,225.21,204.71,211.64,9001990.659,2024-11-12 23:59:59.999,1932232237.82400000,5190083,4263096.31900000,916191349.39010000,0
2024-11-13,211.63,220.44,200.67,215.13,10834052.799,2024-11-13 23:59:59.999,2287313943.88454000,6265437,5276571.13500000,1114450472.96843000,0
2024-11-14,215.14,222.8,206.78,209.57,7458523.708,2024-11-14 23:59:59.999,1606845662.13136000,4182236,3685568.60900000,794800343.72660000,0
2024-11-15,209.57,220.5,204.48,218.45,5271091.924,2024-11-15 23:59:59.999,1117551465.38711000,3372136,2845876.32600000,603910308.00012000,0
2024-11-16,218.44,221.99,213.35,215.71,4204469.3,2024-11-16 23:59:59.999,915510373.45120000,2296856,2212511.85700000,482053182.43167000,0
2024-11-17,215.72,242.33,212.1,237.47,8433424.204,2024-11-17 23:59:59.999,1960587171.68452000,3010544,4311883.06000000,1001610078.17961000,0
2024-11-18,237.47,248.44,234.01,239.79,7485850.361,2024-11-18 23:59:59.999,1804490953.93808000,3957941,3805345.91300000,917583287.88273000,0
2024-11-19,239.79,247.5,233.4,237.63,5595613.402,2024-11-19 23:59:59.999,1350659078.09119000,3110191,2789660.37900000,673737851.39489000,0
2024-11-20,237.64,242.54,230.37,235.48,5472203.476,2024-11-20 23:59:59.999,1289751835.31258000,2032597,2696256.43300000,635454374.29801000,0
2024-11-21,235.48,259.8,229.6,256.37,8595939.994,2024-11-21 23:59:59.999,2120001679.01770000,4031098,4559686.62500000,1124569870.18576000,0
2024-11-22,256.38,264.39,251.47,256.9,5155181.905,2024-11-22 23:59:59.999,1326798359.45141000,2948004,2554624.34700000,657887721.25047000,0
2024-11-23,256.9,264.0,252.69,254.89,4836783.227,2024-11-23 23:59:59.999,1248450578.22800000,2659103,2377510.19700000,613949947.45632000,0
2024-11-24,254.9,259.78,240.93,252.73,3665245.812,2024-11-24 23:59:59.999,918826601.65279000,2627402,1760701.59100000,441700188.21714000,0
2024-11-25,252.74,256.7,231.21,234.18,4699636.317,2024-11-25 23:59:59.999,1149248739.70010000,2322351,2311173.25900000,565768409.86016000,0
2024-11-26,234.18,239.66,221.8,230.69,5012621.456,2024-11-26 23:59:59.999,1157330881.01868000,2836351,2432089.15900000,561972419.62394000,0
2024-11-27,230.69,243.33,227.51,241.96,3807284.297,2024-11-27 23:59:59.999,898274398.45495000,2039178,1999353.20600000,471526006.52351000,0
2024-11-28,241.96,245.28,232.8,237.59,2694033.06,2024-11-28 23:59:59.999,640996914.88985000,1578431,1297609.98500000,308764643.74031000,0
2024-11-29,237.58,246.77,236.55,243.33,2890806.079,2024-11-29 23:59:59.999,699720103.91490000,1929299,1446268.51700000,350171613.67366000,0
2024-11-30,243.33,245.4,237.5,237.6,2279256.816,2024-11-30 23:59:59.999,550410857.76520000,1597288,1121398.04200000,270905744.64534000,0
2024-12-01,237.6,239.89,234.1,236.8,2435872.954,2024-12-01 23:59:59.999,577329157.83331000,1318224,1192847.40700000,282771078.86776000,0
2024-12-02,236.79,238.2,220.0,225.72,5868060.275,2024-12-02 23:59:59.999,1332640777.80382000,3614201,2891680.88900000,656457715.24274000,0
2024-12-03,225.73,239.6,215.0,233.92,6918604.728,2024-12-03 23:59:59.999,1569314471.01514000,3078327,3583842.18500000,813327303.36694000,0
2024-12-04,233.92,241.0,224.67,229.15,4966864.205,2024-12-04 23:59:59.999,1160635660.55354000,2318217,2433474.37400000,568808253.89458000,0
2024-12-05,229.15,244.77,222.95,235.84,7391549.993,2024-12-05 23:59:59.999,1743320226.07373000,4216711,3702869.41400000,874293753.00681000,0
2024-12-06,235.84,247.0,230.92,236.87,5136553.827,2024-12-06 23:59:59.999,1225759651.15259000,2524507,2594661.98900000,619366602.87957000,0
2024-12-07,236.87,243.61,234.12,238.14,2933621.438,2024-12-07 23:59:59.999,701579666.62957000,1606160,1555007.37300000,372037931.86283000,0
2024-12-08,238.14,241.51,233.22,237.02,2222837.551,2024-12-08 23:59:59.999,526456056.82991000,1517123,1051549.53500000,249206171.07123000,0
2024-12-09,237.02,237.28,203.0,216.63,7391583.708,2024-12-09 23:59:59.999,1645628210.24901000,3396912,3506521.81700000,781936679.06925000,0
2024-12-10,216.62,221.06,203.21,213.6,7018707.73,2024-12-10 23:59:59.999,1494401948.21546000,3598912,3534131.19300000,752873811.48697000,0
2024-12-11,213.6,230.65,211.51,227.29,4688484.808,2024-12-11 23:59:59.999,1044765862.39521000,2618186,2446783.07000000,544704920.03867000,0
2024-12-12,227.29,234.69,225.67,226.96,3559104.067,2024-12-12 23:59:59.999,818643376.99027000,2608984,1735720.23400000,399322172.23014000,0
2024-12-13,226.95,228.44,220.6,224.79,2889526.771,2024-12-13 23:59:59.999,648285519.70338000,2190401,1434112.62600000,321880596.26241000,0
2024-12-14,224.79,227.51,215.13,219.93,2155654.471,2024-12-14 23:59:59.999,478317134.38287000,1665180,1064988.43800000,236468734.42381000,0
2024-12-15,219.94,225.5,215.68,224.27,2130908.009,2024-12-15 23:59:59.999,469130131.65022000,1736084,1153744.01300000,254038615.43485000,0
2024-12-16,224.26,227.56,213.26,216.19,3863409.201,2024-12-16 23:59:59.999,847551475.44925000,2819674,1935265.70100000,424478385.82208000,0
2024-12-17,216.19,228.95,211.36,223.15,5177736.748,2024-12-17 23:59:59.999,1148991395.56908000,3540116,2570356.31300000,570952793.92770000,0
2024-12-18,223.16,226.04,204.8,206.53,5565926.563,2024-12-18 23:59:59.999,1191309782.42507000,3308807,2602999.84700000,557611489.91570000,0
2024-12-19,206.53,212.14,187.0,193.81,7402649.886,2024-12-19 23:59:59.999,1481798971.45023000,2909503,3442409.27500000,688753662.03428000,0
2024-12-20,193.82,199.81,175.26,194.48,9793383.668,2024-12-20 23:59:59.999,1829760754.59580000,2947219,4943658.21000000,924182860.09837000,0
2024-12-21,194.48,201.98,178.3,181.45,5243572.617,2024-12-21 23:59:59.999,988401321.05068000,1709667,2452587.76000000,462986002.29171000,0
2024-12-22,181.46,187.87,176.88,180.52,3573368.972,2024-12-22 23:59:59.999,650666980.95565000,1394689,1740362.64500000,317003602.73975000,0
2024-12-23,180.53,193.48,176.48,190.11,4217664.03,2024-12-23 23:59:59.999,778371475.46434000,1557287,2208170.08600000,407840136.01235000,0
2024-12-24,190.12,199.0,186.13,197.09,2709577.672,2024-12-24 23:59:59.999,525181703.24730000,1127114,1379796.38000000,267596220.13043000,0
2024-12-25,197.09,201.85,195.0,197.44,1958644.487,2024-12-25 23:59:59.999,388541679.68554000,1035650,997909.90000000,198045835.98398000,0
2024-12-26,197.45,199.71,186.54,188.46,2045566.1,2024-12-26 23:59:59.999,392011204.61471000,1279313,990226.89600000,189788196.51668000,0
2024-12-27,188.46,194.39,182.74,184.22,1946509.645,2024-12-27 23:59:59.999,366402095.63853000,1296546,991253.94700000,186568922.84013000,0
2024-12-28,184.22,196.1,183.82,195.5,1494847.867,2024-12-28 23:59:59.999,283725173.66562000,840578,782994.95400000,148676850.02220000,0
2024-12-29,195.5,197.71,188.57,189.94,1560190.019,2024-12-29 23:59:59.999,302551036.41535000,861977,762049.05100000,147913892.68932000,0
2024-12-30,189.94,196.47,185.89,191.38,2415985.488,2024-12-30 23:59:59.999,462392599.37737000,1417191,1219312.68900000,233426206.42575000,0
2024-12-31,191.37,199.27,188.04,189.31,2461978.262,2024-12-31 23:59:59.999,476451076.66598000,1249847,1259409.03500000,243744394.61628000,0
